Player,Rating,Year
LeBron James,99,2014
Kevin Durant,95,2014
Chris Paul,94,2014
Carmelo Anthony,93,2014
Kobe Bryant,93,2014
Derrick Rose,92,2014
Dwyane Wade,91,2014
Dwight Howard,90,2014
Russell Westbrook,90,2014
Kyrie Irving,89,2014
Rajon Rondo,89,2014
Stephen Curry,88,2014
James Harden,88,2014
Jrue Holiday,88,2014
Kevin Love,88,2014
Deron Williams,88,2014
Tony Parker,87,2014
Tim Duncan,87,2014
LaMarcus Aldridge,86,2014
Rudy Gay,86,2014
Manu Ginobili,86,2014
Blake Griffin,86,2014
Josh Smith,86,2014
Andrew Bynum,86,2014
Marc Gasol,85,2014
Serge Ibaka,85,2014
Ty Lawson,85,2014
John Wall,85,2014
Chris Bosh,84,2014
Kevin Garnett,84,2014
Eric Gordon,84,2014
Al Horford,84,2014
Andre Iguodala,84,2014
Al Jefferson,84,2014
David Lee,84,2014
Dirk Nowitzki,84,2014
Mike Conley,83,2014
Luol Deng,83,2014
Monta Ellis,83,2014
Paul George,83,2014
Brandon Jennings,83,2014
Joe Johnson,83,2014
Paul Millsap,83,2014
Joakim Noah,83,2014
Zach Randolph,83,2014
Kemba Walker,83,2014
DeMarcus Cousins,82,2014
Damian Lillard,82,2014
Kyle Lowry,82,2014
Paul Pierce,82,2014
Iman Shumpert,82,2014
JR Smith,82,2014
Evan Turner,82,2014
OJ Mayo,82,2014
Amare Stoudemire,82,2014
Eric Bledsoe,81,2014
Pau Gasol,81,2014
Marcin Gortat,81,2014
Brook Lopez,81,2014
Greg Monroe,81,2014
David West,81,2014
Nate Robinson,81,2014
Chauncey Billups,81,2014
Kevin Martin,81,2014
Vince Carter,80,2014
Wilson Chandler,80,2014
Tyreke Evans,80,2014
Kenneth Faried,80,2014
Kawhi Leonard,80,2014
Steve Nash,80,2014
Danny Granger,80,2014
Caron Butler,80,2014
Nicolas Batum,79,2014
Andrew Bogut,79,2014
Avery Bradley,79,2014
Jamal Crawford,79,2014
Anthony Davis,79,2014
Raymond Felton,79,2014
Jeff Green,79,2014
Roy Hibbert,79,2014
Nenê,79,2014
Jarrett Jack,79,2014
Luis Scola,79,2014
Ray Allen,79,2014
Shawn Marion,79,2014
Stephen Jackson,79,2014
Larry Sanders,79,2014
Goran Dragic,78,2014
Chandler Parsons,78,2014
Nikola Pekovic,78,2014
Ricky Rubio,78,2014
Rodney Stuckey,78,2014
Louis Williams,78,2014
Maurice Williams,78,2014
Elton Brand,78,2014
Tyson Chandler,77,2014
DeMar DeRozan,77,2014
Danilo Gallinari,77,2014
Michael Kidd-Gilchrist,77,2014
Wesley Matthews,77,2014
Jason Terry,77,2014
Emeka Okafor,77,2014
Andrei Kirilenko,77,2014
Carlos Boozer,77,2014
JJ Hickson,77,2014
Arron Afflalo,76,2014
Trevor Ariza,76,2014
Michael Beasley,76,2014
Anthony Bennett,76,2014
Aaron Brooks,76,2014
Jimmy Butler,76,2014
Darren Collison,76,2014
Taj Gibson,76,2014
Devin Harris,76,2014
Brandon Knight,76,2014
Jameer Nelson,76,2014
Anderson Varejao,76,2014
Victor Oladipo,76,2014
Ben Gordon,76,2014
Andre Miller,76,2014
Jordan Crawford,76,2014
Carl Landry,76,2014
Antawn Jamison,76,2014
Tony Allen,75,2014
Harrison Barnes,75,2014
Bradley Beal,75,2014
Jose Calderon,75,2014
Derrick Favors,75,2014
Tobias Harris,75,2014
George Hill,75,2014
Kris Humphries,75,2014
Ersan Ilyasova,75,2014
Jeremy Lin,75,2014
JaVale McGee,75,2014
Patrick Patterson,75,2014
Jeff Teague,75,2014
Isaiah Thomas,75,2014
Klay Thompson,75,2014
Marcus Thornton,75,2014
Dion Waiters,75,2014
Mario Chalmers,75,2014
Glen Davis,75,2014
Thomas Robinson,75,2014
Chris Kaman,75,2014
DeAndre Jordan,74,2014
Courtney Lee,74,2014
Otto Porter,74,2014
Ramon Sessions,74,2014
Lance Stephenson,74,2014
Thaddeus Young,74,2014
Kirk Hinrich,74,2014
Shannon Brown,74,2014
Richard Hamilton,74,2014
Metta World Peace,74,2014
Gerald Wallace,74,2014
Tayshaun Prince,74,2014
Landry Fields,74,2014
Andray Blatche,74,2014
Samuel Dalembert,74,2014
Corey Maggette,74,2014
Matt Barnes,73,2014
Patrick Beverley,73,2014
Corey Brewer,73,2014
Trey Burke,73,2014
Moe Harkless,73,2014
Greivis Vasquez,73,2014
Nikola Vucevic,73,2014
Jason Richardson,73,2014
Toney Douglas,73,2014
Ronnie Brewer,73,2014
Kenyon Martin,73,2014
Shane Battier,73,2014
Al-Farouq Aminu,72,2014
Darrell Arthur,72,2014
DJ Augustin,72,2014
Brandon Bass,72,2014
Alec Burks,72,2014
Andre Drummond,72,2014
Jared Dudley,72,2014
Randy Foye,72,2014
Danny Green,72,2014
Gerald Henderson,72,2014
CJ McCollum,72,2014
Ben McLemore,72,2014
Nerlens Noel,72,2014
JJ Redick,72,2014
Jared Sullinger,72,2014
Tristan Thompson,72,2014
Jermaine O'Neal,72,2014
Dorell Wright,72,2014
John Salmons,72,2014
Hidayet Turkoglu,72,2014
Tyler Hansbrough,72,2014
Al Harrington,72,2014
Lamar Odom,72,2014
Leandro Barbosa,71,2014
Dwight Buycks,71,2014
Ed Davis,71,2014
Spencer Hawes,71,2014
Richard Jefferson,71,2014
Jeremy Lamb,71,2014
Ian Mahinmi,71,2014
Luc Mbah a Moute,71,2014
Mike Miller,71,2014
Austin Rivers,71,2014
Brandon Rush,71,2014
Ishmael Smith,71,2014
Nick Young,71,2014
MarShon Brooks,71,2014
Will Bynum,71,2014
Orlando Johnson,71,2014
Quentin Richardson,71,2014
Anthony Randolph,71,2014
Marcus Camby,71,2014
Alan Anderson,70,2014
Omer Asik,70,2014
Jerryd Bayless,70,2014
Kent Bazemore,70,2014
Kentavious Caldwell-Pope,70,2014
Alonzo Gee,70,2014
Udonis Haslem,70,2014
Jordan Hill,70,2014
Amir Johnson,70,2014
Terrence Ross,70,2014
Shane Larkin,70,2014
Luke Ridnour,70,2014
Alexey Shved,70,2014
Jordan Hamilton,70,2014
Earl Clark,70,2014
Damion James,70,2014
Jason Maxiell,70,2014
Andrea Bargnani,70,2014
Greg Oden,70,2014
Kendrick Perkins,70,2014
Ryan Anderson,69,2014
Jose Juan Barea,69,2014
Isaiah Canaan,69,2014
Gerald Green,69,2014
Tim Hardaway Jr,69,2014
Robin Lopez,69,2014
Jodie Meeks,69,2014
Patrick Mills,69,2014
Markieff Morris,69,2014
Andrew Nicholson,69,2014
Thabo Sefolosha,69,2014
Marreese Speights,69,2014
Tiago Splitter,69,2014
Derrick Williams,69,2014
Jordan Farmar,69,2014
Steve Blake,69,2014
Jamaal Tinsley,69,2014
Derek Fisher,69,2014
Willie Green,69,2014
Roger Mason,69,2014
Xavier Henry,69,2014
Darius Johnson-Odom,69,2014
Ricky Ledo,69,2014
Carlos Delfino,69,2014
Chase Budinger,69,2014
Chris Douglas-Roberts,69,2014
DeJuan Blair,69,2014
Drew Gooden,69,2014
Kevin Seraphin,69,2014
Chuck Hayes,69,2014
Mike Dunleavy,68,2014
Archie Goodwin,68,2014
Gordon Hayward,68,2014
CJ Miles,68,2014
Marcus Morris,68,2014
Dennis Schroeder,68,2014
Beno Udrih,68,2014
Jonas Valanciunas,68,2014
CJ Watson,68,2014
Brandan Wright,68,2014
Cody Zeller,68,2014
Tony Wroten,68,2014
Chris Duhon,68,2014
Nate Wolters,68,2014
Keith Bogans,68,2014
Carrick Felix,68,2014
Martell Webster,68,2014
Francisco Garcia,68,2014
Josh Childress,68,2014
Jason Thompson,68,2014
Charlie Villanueva,68,2014
BJ Mullens,68,2014
Phil Pressey,68,2014
Trevor Booker,67,2014
Jae Crowder,67,2014
Troy Daniels,67,2014
Channing Frye,67,2014
Reggie Jackson,67,2014
Ekpe Udoh,67,2014
James Anderson,67,2014
Eric Maynor,67,2014
Diante Garrett,67,2014
Earl Watson,67,2014
Norris Cole,67,2014
Jared Cunningham,67,2014
Gary Neal,67,2014
Reggie Evans,67,2014
Rashard Lewis,67,2014
Tyrus Thomas,67,2014
Chris Singleton,67,2014
Travis Outlaw,67,2014
Louis Amundson,67,2014
Malcolm Lee,67,2014
Sam Young,67,2014
Chris Andersen,66,2014
Evan Fournier,66,2014
Jonas Jerebko,66,2014
James Johnson,66,2014
Wesley Johnson,66,2014
Ray McCallum,66,2014
Anthony Morrow,66,2014
Elliot Williams,66,2014
Marvin Williams,66,2014
Matthew Dellavedova,66,2014
Jimmer Fredette,66,2014
Darius Morris,66,2014
Marquis Teague,66,2014
Peyton Siva,66,2014
Royce White,66,2014
Gal Mekel,66,2014
Glen Rice Jr,66,2014
Dominic McGuire,66,2014
Marco Belinelli,65,2014
Enes Kanter,65,2014
Shelvin Mack,65,2014
Shabazz Muhammad,65,2014
Ronnie Price,65,2014
Andre Roberson,65,2014
PJ Tucker,65,2014
Tyler Zeller,65,2014
Jeffery Taylor,65,2014
Jannero Pargo,65,2014
Kendall Marshall,65,2014
Jamaal Franklin,65,2014
Chris Copeland,65,2014
Cartier Martin,65,2014
Ryan Gomes,65,2014
Nick Calathes,65,2014
Brandon Davies,65,2014
Kris Joseph,65,2014
Hakim Warrick,65,2014
Quincy Acy,64,2014
Reggie Bullock,64,2014
Ian Clark,64,2014
Allen Crabbe,64,2014
Dante Cunningham,64,2014
Gorgui Dieng,64,2014
Wayne Ellington,64,2014
Kosta Koufos,64,2014
Josh McRoberts,64,2014
Mirza Teletovic,64,2014
Garrett Temple,64,2014
Lance Thomas,64,2014
Darius Miller,64,2014
Hollis Thompson,64,2014
Brendan Haywood,64,2014
John Lucas,64,2014
Donald Sloan,64,2014
Reggie Williams,64,2014
Austin Daye,64,2014
Linas Kleiza,64,2014
Jan Vesely,64,2014
Christapher Johnson,64,2014
Gustavo Ayon,64,2014
Nazr Mohammed,64,2014
Ronny Turiaf,64,2014
Josh Akognon,64,2014
Damien Wilkins,64,2014
Lavoy Allen,63,2014
Nick Collison,63,2014
Seth Curry,63,2014
Kyle Korver,63,2014
Jon Leuer,63,2014
Timofey Mozgov,63,2014
Zaza Pachulia,63,2014
Pablo Prigioni,63,2014
Nemanja Nedovic,63,2014
Maalik Wayns,63,2014
Jeff Adrien,63,2014
Joel Freeland,63,2014
Perry Jones,63,2014
Jeremy Tyler,63,2014
Andris Biedrins,63,2014
Devin Ebanks,63,2014
DJ White,63,2014
Omri Casspi,62,2014
Boris Diaw,62,2014
John Henson,62,2014
Solomon Hill,62,2014
Cory Joseph,62,2014
Shaun Livingston,62,2014
E'Twaun Moore,62,2014
Kelly Olynyk,62,2014
Kyle Singler,62,2014
Tony Snell,62,2014
James Southerland,62,2014
DeAndre Liggins,62,2014
Doron Lamb,62,2014
Greg Stiemsma,62,2014
Robert Sacre,62,2014
Will Barton,61,2014
Bismack Biyombo,61,2014
DeMarre Carroll,61,2014
Michael Carter-Williams,61,2014
Draymond Green,61,2014
John Jenkins,61,2014
Mason Plumlee,61,2014
Quincy Pondexter,61,2014
Mike Scott,61,2014
Victor Claver,61,2014
Jarvis Varnado,61,2014
Ryan Kelly,61,2014
Chris Babb,61,2014
Lorenzo Brown,61,2014
Khris Middleton,60,2014
Brian Roberts,60,2014
Jason Smith,60,2014
Anthony Tolliver,60,2014
Jeff Withey,60,2014
Ognjen Kuzmic,60,2014
Giannis Antetokounmpo,60,2014
Arnett Moultrie,60,2014
Quincy Miller,60,2014
Sergey Karasev,60,2014
Rasual Butler,60,2014
Kwame Brown,60,2014
Melvin Ely,60,2014
Henry Sims,60,2014
Cole Aldrich,59,2014
Luke Babbitt,59,2014
Terrence Jones,59,2014
Meyers Leonard,59,2014
Tornike Shengelia,59,2014
Shawne Williams,59,2014
Joel Anthony,59,2014
Hamed Haddadi,59,2014
Dexter Pittman,59,2014
Bernard James,59,2014
Mickell Gladness,59,2014
James Jones,58,2014
Donatas Motiejunas,58,2014
Kyle O'Quinn,58,2014
Matt Bonner,58,2014
Steven Adams,57,2014
Alex Len,57,2014
Hasheem Thabeet,57,2014
Josh Harrellson,57,2014
Jeremy Evans,56,2014
Miles Plumlee,56,2014
Daniel Orton,56,2014
AJ Price,56,2014
Erik Murphy,56,2014
Aaron Gray,56,2014
Solomon Alabi,56,2014
Ryan Hollins,55,2014
DeSagana Diop,54,2014
Steve Novak,53,2014
Royal Ivey,53,2014
Fab Melo,53,2014
Festus Ezeli,52,2014
Rudy Gobert,52,2014
Solomon Jones,52,2014
Darnell Jackson,52,2014
Jason Collins,50,2014
LeBron James,98,2015
Kevin Durant,95,2015
Chris Paul,91,2015
Tim Duncan,90,2015
Carmelo Anthony,89,2015
Stephen Curry,89,2015
Paul George,89,2015
Kevin Love,89,2015
Kobe Bryant,89,2015
LaMarcus Aldridge,88,2015
Anthony Davis,88,2015
James Harden,88,2015
Dwight Howard,88,2015
Dirk Nowitzki,88,2015
Tony Parker,88,2015
Derrick Rose,88,2015
Russell Westbrook,88,2015
Blake Griffin,87,2015
Al Jefferson,87,2015
Damian Lillard,87,2015
Joakim Noah,87,2015
Rajon Rondo,87,2015
DeMarcus Cousins,86,2015
Kyrie Irving,86,2015
Dwyane Wade,86,2015
John Wall,86,2015
Marc Gasol,85,2015
Kawhi Leonard,85,2015
Kyle Lowry,85,2015
Paul Millsap,85,2015
Chris Bosh,84,2015
Goran Dragic,84,2015
Serge Ibaka,84,2015
Ty Lawson,84,2015
Zach Randolph,84,2015
Lance Stephenson,84,2015
Deron Williams,84,2015
Mike Conley,83,2015
DeMar DeRozan,83,2015
Andre Drummond,83,2015
Manu Ginobili,83,2015
Al Horford,83,2015
Brook Lopez,83,2015
Monta Ellis,82,2015
Pau Gasol,82,2015
Rudy Gay,82,2015
Jrue Holiday,82,2015
Andre Iguodala,82,2015
Joe Johnson,82,2015
David Lee,82,2015
Klay Thompson,82,2015
Kemba Walker,82,2015
Eric Bledsoe,81,2015
Kenneth Faried,81,2015
Marcin Gortat,81,2015
Gordon Hayward,81,2015
DeAndre Jordan,81,2015
Nikola Pekovic,81,2015
Paul Pierce,81,2015
Andrew Bogut,80,2015
Jimmy Butler,80,2015
Michael Carter-Williams,80,2015
Jamal Crawford,80,2015
Taj Gibson,80,2015
Roy Hibbert,80,2015
Nenê,80,2015
Brandon Jennings,80,2015
Greg Monroe,80,2015
Isaiah Thomas,80,2015
Nikola Vucevic,80,2015
David West,80,2015
Josh Smith,80,2015
Nicolas Batum,79,2015
Tyson Chandler,79,2015
Darren Collison,79,2015
Luol Deng,79,2015
Eric Gordon,79,2015
Brandon Knight,79,2015
Chandler Parsons,79,2015
Ricky Rubio,79,2015
Kevin Martin,79,2015
Larry Sanders,79,2015
Arron Afflalo,78,2015
Tony Allen,78,2015
Trevor Ariza,78,2015
Patrick Beverley,78,2015
Avery Bradley,78,2015
Jose Calderon,78,2015
Wilson Chandler,78,2015
Boris Diaw,78,2015
Tyreke Evans,78,2015
Derrick Favors,78,2015
Gerald Green,78,2015
Jeff Green,78,2015
Danny Green,78,2015
Gerald Henderson,78,2015
George Hill,78,2015
Reggie Jackson,78,2015
Kyle Korver,78,2015
Wesley Matthews,78,2015
Markieff Morris,78,2015
Victor Oladipo,78,2015
Jabari Parker,78,2015
Miles Plumlee,78,2015
JR Smith,78,2015
Jared Sullinger,78,2015
Jeff Teague,78,2015
Jonas Valanciunas,78,2015
Dion Waiters,78,2015
Nick Young,78,2015
Thaddeus Young,78,2015
Ryan Anderson,77,2015
Bradley Beal,77,2015
Vince Carter,77,2015
Joel Embiid,77,2015
Danilo Gallinari,77,2015
Kevin Garnett,77,2015
Draymond Green,77,2015
Tim Hardaway Jr,77,2015
Amir Johnson,77,2015
Terrence Jones,77,2015
Michael Kidd-Gilchrist,77,2015
Jeremy Lin,77,2015
Robin Lopez,77,2015
Patrick Mills,77,2015
Mason Plumlee,77,2015
JJ Redick,77,2015
Luis Scola,77,2015
Iman Shumpert,77,2015
Tiago Splitter,77,2015
Andrew Wiggins,77,2015
Louis Williams,77,2015
OJ Mayo,77,2015
Shawn Marion,77,2015
Amare Stoudemire,77,2015
JJ Hickson,77,2015
Omer Asik,76,2015
DJ Augustin,76,2015
Harrison Barnes,76,2015
Matt Barnes,76,2015
Alec Burks,76,2015
Channing Frye,76,2015
Tobias Harris,76,2015
Spencer Hawes,76,2015
Jordan Hill,76,2015
Courtney Lee,76,2015
Nerlens Noel,76,2015
Julius Randle,76,2015
Terrence Ross,76,2015
Marcus Smart,76,2015
Tristan Thompson,76,2015
Marcus Thornton,76,2015
PJ Tucker,76,2015
Evan Turner,76,2015
Greivis Vasquez,76,2015
Maurice Williams,76,2015
Nate Robinson,76,2015
Steve Nash,76,2015
Andre Miller,76,2015
Kirk Hinrich,76,2015
Danny Granger,76,2015
Caron Butler,76,2015
Chris Kaman,76,2015
Samuel Dalembert,76,2015
Chris Andersen,75,2015
Brandon Bass,75,2015
Marco Belinelli,75,2015
Corey Brewer,75,2015
Trey Burke,75,2015
DeMarre Carroll,75,2015
Devin Harris,75,2015
John Henson,75,2015
Enes Kanter,75,2015
Ian Mahinmi,75,2015
Doug McDermott,75,2015
Jodie Meeks,75,2015
Khris Middleton,75,2015
Nikola Mirotic,75,2015
Marcus Morris,75,2015
Patrick Patterson,75,2015
Rodney Stuckey,75,2015
Anderson Varejao,75,2015
CJ Watson,75,2015
Brandan Wright,75,2015
Mario Chalmers,75,2015
Nate Wolters,75,2015
Norris Cole,75,2015
Gary Neal,75,2015
Tayshaun Prince,75,2015
Carl Landry,75,2015
Thomas Robinson,75,2015
Jason Thompson,75,2015
Steven Adams,74,2015
Al-Farouq Aminu,74,2015
Giannis Antetokounmpo,74,2015
Jose Juan Barea,74,2015
Jerryd Bayless,74,2015
Kent Bazemore,74,2015
Trevor Booker,74,2015
Nick Collison,74,2015
Jared Dudley,74,2015
Mike Dunleavy,74,2015
Dante Exum,74,2015
Raymond Felton,74,2015
Randy Foye,74,2015
Aaron Gordon,74,2015
Moe Harkless,74,2015
Jarrett Jack,74,2015
Shaun Livingston,74,2015
Luc Mbah a Moute,74,2015
Ray McCallum,74,2015
JaVale McGee,74,2015
Ben McLemore,74,2015
Josh McRoberts,74,2015
Mike Miller,74,2015
Timofey Mozgov,74,2015
Shabazz Napier,74,2015
Kelly Olynyk,74,2015
Elfrid Payton,74,2015
Brian Roberts,74,2015
Thabo Sefolosha,74,2015
Ramon Sessions,74,2015
Kyle Singler,74,2015
Nik Stauskas,74,2015
Jason Terry,74,2015
Beno Udrih,74,2015
Tony Wroten,74,2015
Kendall Marshall,74,2015
Andrei Kirilenko,74,2015
Gerald Wallace,74,2015
Glen Davis,74,2015
Reggie Evans,74,2015
Kendrick Perkins,74,2015
Kevin Seraphin,74,2015
Bismack Biyombo,73,2015
Aaron Brooks,73,2015
Ed Davis,73,2015
Kris Humphries,73,2015
Ersan Ilyasova,73,2015
Wesley Johnson,73,2015
Cory Joseph,73,2015
Jeremy Lamb,73,2015
CJ Miles,73,2015
Anthony Morrow,73,2015
Anthony Tolliver,73,2015
Marvin Williams,73,2015
Cody Zeller,73,2015
Jason Richardson,73,2015
Xavier Henry,73,2015
John Salmons,73,2015
Martell Webster,73,2015
Tyler Hansbrough,73,2015
Matt Bonner,73,2015
Michael Beasley,72,2015
Bojan Bogdanovic,72,2015
Kentavious Caldwell-Pope,72,2015
Isaiah Canaan,72,2015
Omri Casspi,72,2015
Jae Crowder,72,2015
Gorgui Dieng,72,2015
Evan Fournier,72,2015
Udonis Haslem,72,2015
Richard Jefferson,72,2015
Kosta Koufos,72,2015
Zach LaVine,72,2015
CJ McCollum,72,2015
Jameer Nelson,72,2015
Steve Novak,72,2015
Pablo Prigioni,72,2015
Austin Rivers,72,2015
Mike Scott,72,2015
Jason Smith,72,2015
Tony Snell,72,2015
Marreese Speights,72,2015
Noah Vonleh,72,2015
TJ Warren,72,2015
Shane Larkin,72,2015
Ben Gordon,72,2015
Luke Ridnour,72,2015
Jordan Farmar,72,2015
Jimmer Fredette,72,2015
Dorell Wright,72,2015
Andrea Bargnani,72,2015
Nick Calathes,72,2015
Vitor Faverani,72,2015
Jordan Adams,71,2015
Alan Anderson,71,2015
Troy Daniels,71,2015
Wayne Ellington,71,2015
Tyler Ennis,71,2015
Rudy Gobert,71,2015
Gary Harris,71,2015
Rodney Hood,71,2015
Jonas Jerebko,71,2015
Shelvin Mack,71,2015
Andrew Nicholson,71,2015
Adreian Payne,71,2015
Mirza Teletovic,71,2015
Hollis Thompson,71,2015
Derrick Williams,71,2015
Steve Blake,71,2015
Willie Green,71,2015
Chris Copeland,71,2015
DeJuan Blair,71,2015
Jeff Adrien,71,2015
Nick Johnson,71,2015
PJ Hairston,71,2015
Ryan Kelly,71,2015
Jarnell Stokes,71,2015
Will Barton,70,2015
Anthony Bennett,70,2015
Jordan Clarkson,70,2015
James Ennis,70,2015
Jeremy Evans,70,2015
James Johnson,70,2015
Kyle O'Quinn,70,2015
Dennis Schroeder,70,2015
Elliot Williams,70,2015
Tyler Zeller,70,2015
Will Bynum,70,2015
Alexey Shved,70,2015
Carlos Delfino,70,2015
Chase Budinger,70,2015
Cartier Martin,70,2015
Drew Gooden,70,2015
Phil Pressey,70,2015
Cleanthony Early,70,2015
Darrell Arthur,69,2015
Tarik Black,69,2015
Reggie Bullock,69,2015
Robert Covington,69,2015
Spencer Dinwiddie,69,2015
Tim Frazier,69,2015
Langston Galloway,69,2015
Alonzo Gee,69,2015
Archie Goodwin,69,2015
JaMychal Green,69,2015
Justin Hamilton,69,2015
Joe Ingles,69,2015
James Jones,69,2015
Joffrey Lauvergne,69,2015
Jon Leuer,69,2015
KJ McDaniels,69,2015
Donatas Motiejunas,69,2015
Jusuf Nurkic,69,2015
Zaza Pachulia,69,2015
Ronnie Price,69,2015
Damjan Rudez,69,2015
Brandon Rush,69,2015
Jeff Withey,69,2015
Marquis Teague,69,2015
John Lucas,69,2015
Jamaal Franklin,69,2015
Landry Fields,69,2015
Travis Outlaw,69,2015
Charlie Villanueva,69,2015
Perry Jones,69,2015
Chuck Hayes,69,2015
Glen Rice Jr,69,2015
Russ Smith,69,2015
Pero Antic,69,2015
Henry Sims,69,2015
Alexis Ajinca,68,2015
Lavoy Allen,68,2015
Aron Baynes,68,2015
Dante Cunningham,68,2015
Matthew Dellavedova,68,2015
Jerami Grant,68,2015
Joe Harris,68,2015
John Jenkins,68,2015
Tyler Johnson,68,2015
Alex Len,68,2015
Meyers Leonard,68,2015
E'Twaun Moore,68,2015
Mike Muscala,68,2015
Quincy Pondexter,68,2015
Otto Porter,68,2015
Andre Roberson,68,2015
Ishmael Smith,68,2015
Garrett Temple,68,2015
James Young,68,2015
Darius Miller,68,2015
Arnett Moultrie,68,2015
Carrick Felix,68,2015
Quincy Miller,68,2015
Joel Freeland,68,2015
Christapher Johnson,68,2015
Ronny Turiaf,68,2015
Markel Brown,68,2015
Robbie Hummel,68,2015
Mitch McGary,68,2015
Devyn Marble,68,2015
Erick Green,68,2015
Furkan Aldemir,68,2015
Quincy Acy,67,2015
Cole Aldrich,67,2015
Kyle Anderson,67,2015
Leandro Barbosa,67,2015
Clint Capela,67,2015
Ian Clark,67,2015
Allen Crabbe,67,2015
Festus Ezeli,67,2015
James Michael McAdoo,67,2015
Shabazz Muhammad,67,2015
Lucas Nogueira,67,2015
Dwight Powell,67,2015
Glenn Robinson III,67,2015
CJ Wilcox,67,2015
Nemanja Nedovic,67,2015
Ognjen Kuzmic,67,2015
Jannero Pargo,67,2015
Ricky Ledo,67,2015
Austin Daye,67,2015
Louis Amundson,67,2015
Jarvis Varnado,67,2015
Robert Sacre,67,2015
Aaron Gray,67,2015
Ryan Hollins,67,2015
Gal Mekel,67,2015
Gigi Datome,67,2015
Johnny O'Bryant,67,2015
Jeff Ayres,67,2015
Miroslav Raduljica,67,2015
Jeremy Tyler,67,2015
Josh Powell,67,2015
Luke Babbitt,66,2015
Dwight Buycks,66,2015
Dewayne Dedmon,66,2015
Solomon Hill,66,2015
Lance Thomas,66,2015
Reggie Williams,66,2015
Victor Claver,66,2015
Sergey Karasev,66,2015
Joel Anthony,66,2015
Malcolm Thomas,66,2015
Cory Jefferson,66,2015
Seth Curry,65,2015
Eric Moreland,65,2015
Brendan Haywood,65,2015
Donald Sloan,65,2015
Brandon Davies,65,2015
Shayne Whittington,65,2015
Hasheem Thabeet,65,2015
Bruno Caboclo,64,2015
Justin Holiday,64,2015
JaKarr Sampson,64,2015
Shavlik Randolph,64,2015
Hassan Whiteside,59,2015
LeBron James,94,2016
Stephen Curry,93,2016
Anthony Davis,92,2016
James Harden,92,2016
Kevin Durant,91,2016
Chris Paul,90,2016
Russell Westbrook,89,2016
LaMarcus Aldridge,88,2016
Carmelo Anthony,88,2016
Blake Griffin,88,2016
DeMarcus Cousins,87,2016
Marc Gasol,87,2016
Kyrie Irving,87,2016
Kawhi Leonard,87,2016
Klay Thompson,87,2016
John Wall,87,2016
Tim Duncan,87,2016
Jimmy Butler,86,2016
Pau Gasol,86,2016
Paul George,86,2016
Damian Lillard,86,2016
Dwyane Wade,86,2016
Mike Conley,85,2016
Dwight Howard,85,2016
Kobe Bryant,85,2016
Chris Bosh,84,2016
DeAndre Jordan,84,2016
Dirk Nowitzki,84,2016
Zach Randolph,84,2016
DeMar DeRozan,83,2016
Andre Drummond,83,2016
Rudy Gay,83,2016
Gordon Hayward,83,2016
Al Horford,83,2016
Al Jefferson,83,2016
Brook Lopez,83,2016
Kyle Lowry,83,2016
Paul Millsap,83,2016
Tony Parker,83,2016
Jeff Teague,83,2016
Nikola Vucevic,83,2016
Eric Bledsoe,82,2016
Derrick Favors,82,2016
Draymond Green,82,2016
Greg Monroe,82,2016
Derrick Rose,82,2016
Giannis Antetokounmpo,81,2016
Goran Dragic,81,2016
Monta Ellis,81,2016
Brandon Knight,81,2016
Ty Lawson,81,2016
Kevin Love,81,2016
Isaiah Thomas,81,2016
Kemba Walker,81,2016
Hassan Whiteside,81,2016
Bradley Beal,80,2016
Tyreke Evans,80,2016
Jrue Holiday,80,2016
Serge Ibaka,80,2016
Brandon Jennings,80,2016
Enes Kanter,80,2016
Victor Oladipo,80,2016
Andrew Wiggins,80,2016
Louis Williams,80,2016
DeMarre Carroll,79,2016
Tyson Chandler,79,2016
Darren Collison,79,2016
Jamal Crawford,79,2016
Kenneth Faried,79,2016
Rudy Gobert,79,2016
Tobias Harris,79,2016
Joe Johnson,79,2016
Kyle Korver,79,2016
Wesley Matthews,79,2016
Joakim Noah,79,2016
Chandler Parsons,79,2016
JJ Redick,79,2016
Kevin Martin,79,2016
Tony Allen,78,2016
Luol Deng,78,2016
Manu Ginobili,78,2016
Eric Gordon,78,2016
Marcin Gortat,78,2016
George Hill,78,2016
Reggie Jackson,78,2016
Michael Kidd-Gilchrist,78,2016
Khris Middleton,78,2016
Markieff Morris,78,2016
Paul Pierce,78,2016
Karl-Anthony Towns,78,2016
Jonas Valanciunas,78,2016
Deron Williams,78,2016
Harrison Barnes,77,2016
Nicolas Batum,77,2016
Andrew Bogut,77,2016
Avery Bradley,77,2016
Michael Carter-Williams,77,2016
Wilson Chandler,77,2016
Jeff Green,77,2016
Roy Hibbert,77,2016
Andre Iguodala,77,2016
Timofey Mozgov,77,2016
Nerlens Noel,77,2016
Jahlil Okafor,77,2016
Jabari Parker,77,2016
Nikola Pekovic,77,2016
Rajon Rondo,77,2016
Ricky Rubio,77,2016
D'Angelo Russell,77,2016
Jared Sullinger,77,2016
Tristan Thompson,77,2016
David West,77,2016
Steven Adams,76,2016
Ryan Anderson,76,2016
Omer Asik,76,2016
Patrick Beverley,76,2016
Corey Brewer,76,2016
Alec Burks,76,2016
Jae Crowder,76,2016
Ed Davis,76,2016
Joel Embiid,76,2016
Danilo Gallinari,76,2016
Kevin Garnett,76,2016
Taj Gibson,76,2016
Gerald Green,76,2016
Danny Green,76,2016
Nenê,76,2016
Amir Johnson,76,2016
David Lee,76,2016
Elfrid Payton,76,2016
Mason Plumlee,76,2016
Dennis Schroeder,76,2016
JR Smith,76,2016
Marreese Speights,76,2016
Tiago Splitter,76,2016
Rodney Stuckey,76,2016
Anderson Varejao,76,2016
Maurice Williams,76,2016
Tyler Zeller,76,2016
Amare Stoudemire,76,2016
Chris Kaman,76,2016
Arron Afflalo,75,2016
Trevor Ariza,75,2016
Aaron Brooks,75,2016
Jordan Clarkson,75,2016
Jared Dudley,75,2016
Jordan Hill,75,2016
Solomon Hill,75,2016
James Johnson,75,2016
Terrence Jones,75,2016
Courtney Lee,75,2016
Jeremy Lin,75,2016
Robin Lopez,75,2016
JaVale McGee,75,2016
Donatas Motiejunas,75,2016
Emmanuel Mudiay,75,2016
Shabazz Muhammad,75,2016
Luis Scola,75,2016
Iman Shumpert,75,2016
PJ Tucker,75,2016
Beno Udrih,75,2016
Brandan Wright,75,2016
Thaddeus Young,75,2016
Tony Wroten,75,2016
OJ Mayo,75,2016
Josh Smith,75,2016
Alexis Ajinca,74,2016
Leandro Barbosa,74,2016
Jose Juan Barea,74,2016
Brandon Bass,74,2016
Trevor Booker,74,2016
Willie Cauley-Stein,74,2016
Boris Diaw,74,2016
Gorgui Dieng,74,2016
Aaron Gordon,74,2016
Devin Harris,74,2016
Gerald Henderson,74,2016
John Henson,74,2016
Ersan Ilyasova,74,2016
Jarrett Jack,74,2016
Cory Joseph,74,2016
Alex Len,74,2016
Jodie Meeks,74,2016
Patrick Mills,74,2016
Nikola Mirotic,74,2016
Jusuf Nurkic,74,2016
Kelly Olynyk,74,2016
Patrick Patterson,74,2016
Kristaps Porzingis,74,2016
Julius Randle,74,2016
Thabo Sefolosha,74,2016
Marcus Smart,74,2016
Lance Stephenson,74,2016
Evan Turner,74,2016
CJ Watson,74,2016
Justise Winslow,74,2016
Cody Zeller,74,2016
Carl Landry,74,2016
Andrea Bargnani,74,2016
Al-Farouq Aminu,73,2016
Chris Andersen,73,2016
DJ Augustin,73,2016
Matt Barnes,73,2016
Will Barton,73,2016
Marco Belinelli,73,2016
Trey Burke,73,2016
Jose Calderon,73,2016
Kentavious Caldwell-Pope,73,2016
Isaiah Canaan,73,2016
Vince Carter,73,2016
Omri Casspi,73,2016
Nick Collison,73,2016
Robert Covington,73,2016
Mike Dunleavy,73,2016
Dante Exum,73,2016
Tim Hardaway Jr,73,2016
Mario Hezonja,73,2016
Stanley Johnson,73,2016
Tyler Johnson,73,2016
Frank Kaminsky,73,2016
Jeremy Lamb,73,2016
Zach LaVine,73,2016
Shaun Livingston,73,2016
Ian Mahinmi,73,2016
Ben McLemore,73,2016
CJ Miles,73,2016
Marcus Morris,73,2016
Zaza Pachulia,73,2016
Austin Rivers,73,2016
Terrence Ross,73,2016
Myles Turner,73,2016
Greivis Vasquez,73,2016
Dion Waiters,73,2016
Nick Young,73,2016
Andre Miller,73,2016
Donald Sloan,73,2016
Tayshaun Prince,73,2016
Thomas Robinson,73,2016
Tyler Hansbrough,73,2016
JJ Hickson,73,2016
Mitch McGary,73,2016
Cole Aldrich,72,2016
Jerryd Bayless,72,2016
Aron Baynes,72,2016
Kent Bazemore,72,2016
Bismack Biyombo,72,2016
Nemanja Bjelica,72,2016
Devin Booker,72,2016
Festus Ezeli,72,2016
Evan Fournier,72,2016
Randy Foye,72,2016
Langston Galloway,72,2016
Justin Holiday,72,2016
Rondae Hollis-Jefferson,72,2016
Kris Humphries,72,2016
Richard Jefferson,72,2016
Jonas Jerebko,72,2016
Wesley Johnson,72,2016
Kosta Koufos,72,2016
Meyers Leonard,72,2016
Jon Leuer,72,2016
Trey Lyles,72,2016
Shelvin Mack,72,2016
CJ McCollum,72,2016
Anthony Morrow,72,2016
Mike Muscala,72,2016
Jameer Nelson,72,2016
Kyle O'Quinn,72,2016
Cameron Payne,72,2016
Quincy Pondexter,72,2016
Otto Porter,72,2016
Andre Roberson,72,2016
Brian Roberts,72,2016
Mike Scott,72,2016
Ramon Sessions,72,2016
Jason Smith,72,2016
Tony Snell,72,2016
Marcus Thornton,72,2016
Noah Vonleh,72,2016
TJ Warren,72,2016
Derrick Williams,72,2016
Mario Chalmers,72,2016
Caron Butler,72,2016
Charlie Villanueva,72,2016
Kendrick Perkins,72,2016
Kevin Seraphin,72,2016
Jarnell Stokes,72,2016
Lavoy Allen,71,2016
Justin Anderson,71,2016
Kyle Anderson,71,2016
Darrell Arthur,71,2016
Bojan Bogdanovic,71,2016
Dewayne Dedmon,71,2016
Raymond Felton,71,2016
Channing Frye,71,2016
Udonis Haslem,71,2016
Spencer Hawes,71,2016
Rodney Hood,71,2016
Ray McCallum,71,2016
Josh McRoberts,71,2016
Shabazz Napier,71,2016
Kelly Oubre,71,2016
Miles Plumlee,71,2016
Bobby Portis,71,2016
Pablo Prigioni,71,2016
Kyle Singler,71,2016
Garrett Temple,71,2016
Jason Terry,71,2016
Hollis Thompson,71,2016
Marvin Williams,71,2016
Kendall Marshall,71,2016
Chase Budinger,71,2016
Louis Amundson,71,2016
Ryan Hollins,71,2016
Henry Sims,71,2016
Jordan Adams,70,2016
Luke Babbitt,70,2016
Clint Capela,70,2016
Sam Dekker,70,2016
Matthew Dellavedova,70,2016
Spencer Dinwiddie,70,2016
Wayne Ellington,70,2016
James Ennis,70,2016
Jeremy Evans,70,2016
Alonzo Gee,70,2016
Joe Ingles,70,2016
TJ McConnell,70,2016
KJ McDaniels,70,2016
E'Twaun Moore,70,2016
Raul Neto,70,2016
Ishmael Smith,70,2016
Lance Thomas,70,2016
Anthony Tolliver,70,2016
Jeff Withey,70,2016
Delon Wright,70,2016
Metta World Peace,70,2016
Sergey Karasev,70,2016
DeJuan Blair,70,2016
Drew Gooden,70,2016
Jason Thompson,70,2016
Matt Bonner,70,2016
Sonny Weems,70,2016
Quincy Acy,69,2016
Cliff Alexander,69,2016
Alan Anderson,69,2016
Anthony Bennett,69,2016
Tarik Black,69,2016
Dante Cunningham,69,2016
Tim Frazier,69,2016
Archie Goodwin,69,2016
Jerami Grant,69,2016
Jerian Grant,69,2016
Montrezl Harrell,69,2016
Marcelo Huertas,69,2016
James Jones,69,2016
Tyus Jones,69,2016
Joffrey Lauvergne,69,2016
Kevon Looney,69,2016
Boban Marjanovic,69,2016
Luc Mbah a Moute,69,2016
Adreian Payne,69,2016
Ronnie Price,69,2016
Terry Rozier,69,2016
JaKarr Sampson,69,2016
Jonathon Simmons,69,2016
Nik Stauskas,69,2016
Mirza Teletovic,69,2016
Rashad Vaughn,69,2016
Sasha Vujacic,69,2016
Perry Jones,69,2016
Robert Sacre,69,2016
PJ Hairston,69,2016
Cory Jefferson,69,2016
Damien Inglis,69,2016
Furkan Aldemir,69,2016
Sasha Kaun,69,2016
Tibor Pleiss,69,2016
Anthony Brown,68,2016
Moe Harkless,68,2016
Darrun Hilliard,68,2016
Nikola Jokic,68,2016
Doug McDermott,68,2016
Jordan McRae,68,2016
Salah Mejri,68,2016
Jordan Mickey,68,2016
Mike Miller,68,2016
Larry Nance Jr,68,2016
Andrew Nicholson,68,2016
Lucas Nogueira,68,2016
Dwight Powell,68,2016
Norman Powell,68,2016
Willie Reed,68,2016
Damjan Rudez,68,2016
James Young,68,2016
Joseph Young,68,2016
Steve Blake,68,2016
Chuck Hayes,68,2016
Phil Pressey,68,2016
Cleanthony Early,68,2016
Lamar Patterson,68,2016
Michael Beasley,67,2016
Reggie Bullock,67,2016
Pat Connaughton,67,2016
Allen Crabbe,67,2016
Seth Curry,67,2016
Troy Daniels,67,2016
Tyler Ennis,67,2016
JaMychal Green,67,2016
Joe Harris,67,2016
Richaun Holmes,67,2016
RJ Hunter,67,2016
John Jenkins,67,2016
Jarell Martin,67,2016
James Michael McAdoo,67,2016
Chris McCullough,67,2016
Glenn Robinson III,67,2016
CJ Wilcox,67,2016
Alan Williams,67,2016
Christian Wood,67,2016
Maurice Ndour,67,2016
Jimmer Fredette,67,2016
Martell Webster,67,2016
Chris Copeland,67,2016
Russ Smith,67,2016
Devyn Marble,67,2016
Shayne Whittington,67,2016
Ian Clark,66,2016
Cristiano Felicio,66,2016
Aaron Harrison,66,2016
Steve Novak,66,2016
Josh Richardson,66,2016
Elliot Williams,66,2016
Quincy Miller,66,2016
Christapher Johnson,66,2016
Joel Anthony,66,2016
Ryan Kelly,66,2016
Branden Dawson,66,2016
Bruno Caboclo,65,2016
Rakeem Christmas,65,2016
Jarell Eddie,65,2016
Gary Harris,65,2016
Josh Huestis,65,2016
Luis Montero,65,2016
Eric Moreland,65,2016
Brandon Rush,65,2016
Walter Tavares,65,2016
Erick Green,65,2016
Chris Babb,65,2016
Johnny O'Bryant,64,2016
Duje Dukan,63,2016
Sean Kilpatrick,62,2016
LeBron James,96,2017
Stephen Curry,94,2017
Kevin Durant,93,2017
Kawhi Leonard,93,2017
Russell Westbrook,93,2017
Chris Paul,91,2017
DeMarcus Cousins,90,2017
Anthony Davis,90,2017
Draymond Green,90,2017
James Harden,90,2017
Klay Thompson,90,2017
Paul George,89,2017
Kyrie Irving,89,2017
Damian Lillard,89,2017
LaMarcus Aldridge,88,2017
Carmelo Anthony,88,2017
Jimmy Butler,88,2017
Karl-Anthony Towns,88,2017
John Wall,88,2017
DeMar DeRozan,87,2017
Andre Drummond,87,2017
Blake Griffin,87,2017
Dwyane Wade,87,2017
Chris Bosh,86,2017
Kyle Lowry,86,2017
Paul Millsap,86,2017
Lance Stephenson,86,2017
Eric Bledsoe,85,2017
Mike Conley,85,2017
Derrick Favors,85,2017
Marc Gasol,85,2017
Al Horford,85,2017
DeAndre Jordan,85,2017
Isaiah Thomas,85,2017
Kemba Walker,85,2017
Hassan Whiteside,85,2017
Pau Gasol,84,2017
Gordon Hayward,84,2017
Dwight Howard,84,2017
Dirk Nowitzki,84,2017
Giannis Antetokounmpo,83,2017
CJ McCollum,83,2017
Avery Bradley,82,2017
Reggie Jackson,82,2017
Kevin Love,82,2017
Jonas Valanciunas,82,2017
Andrew Wiggins,82,2017
Steven Adams,81,2017
Jae Crowder,81,2017
Rudy Gobert,81,2017
Andre Iguodala,81,2017
Brook Lopez,81,2017
Khris Middleton,81,2017
Kristaps Porzingis,81,2017
Rajon Rondo,81,2017
Tristan Thompson,81,2017
Kenneth Faried,80,2017
Danilo Gallinari,80,2017
Rudy Gay,80,2017
Rodney Hood,80,2017
Tony Parker,80,2017
Zach Randolph,80,2017
Derrick Rose,80,2017
Nikola Vucevic,80,2017
Ryan Anderson,79,2017
Harrison Barnes,79,2017
Nicolas Batum,79,2017
Bradley Beal,79,2017
Kentavious Caldwell-Pope,79,2017
Tyreke Evans,79,2017
Manu Ginobili,79,2017
Marcin Gortat,79,2017
Jrue Holiday,79,2017
Serge Ibaka,79,2017
Al Jefferson,79,2017
Nikola Jokic,79,2017
Enes Kanter,79,2017
Michael Kidd-Gilchrist,79,2017
Greg Monroe,79,2017
Jahlil Okafor,79,2017
Victor Oladipo,79,2017
Chandler Parsons,79,2017
D'Angelo Russell,79,2017
Ben Simmons,79,2017
Jeff Teague,79,2017
Thaddeus Young,79,2017
Tony Allen,78,2017
Will Barton,78,2017
Kent Bazemore,78,2017
Devin Booker,78,2017
Luol Deng,78,2017
Goran Dragic,78,2017
Evan Fournier,78,2017
Tobias Harris,78,2017
Brandon Ingram,78,2017
Brandon Knight,78,2017
Zach LaVine,78,2017
Wesley Matthews,78,2017
Jabari Parker,78,2017
Mason Plumlee,78,2017
JJ Redick,78,2017
Dennis Schroeder,78,2017
Myles Turner,78,2017
Marvin Williams,78,2017
Al-Farouq Aminu,77,2017
Trevor Ariza,77,2017
Bismack Biyombo,77,2017
Andrew Bogut,77,2017
Alec Burks,77,2017
Clint Capela,77,2017
Jordan Clarkson,77,2017
Darren Collison,77,2017
Jamal Crawford,77,2017
Ed Davis,77,2017
Gorgui Dieng,77,2017
Kris Dunn,77,2017
Monta Ellis,77,2017
Joel Embiid,77,2017
Eric Gordon,77,2017
Joe Johnson,77,2017
Robin Lopez,77,2017
Joakim Noah,77,2017
Nerlens Noel,77,2017
Julius Randle,77,2017
Ricky Rubio,77,2017
JR Smith,77,2017
Jared Sullinger,77,2017
Evan Turner,77,2017
Louis Williams,77,2017
Justise Winslow,77,2017
Arron Afflalo,76,2017
Jose Juan Barea,76,2017
Patrick Beverley,76,2017
Bojan Bogdanovic,76,2017
DeMarre Carroll,76,2017
Wilson Chandler,76,2017
Robert Covington,76,2017
Jared Dudley,76,2017
Festus Ezeli,76,2017
Taj Gibson,76,2017
Aaron Gordon,76,2017
Jeff Green,76,2017
Danny Green,76,2017
Gary Harris,76,2017
John Henson,76,2017
Nenê,76,2017
George Hill,76,2017
Jordan Hill,76,2017
Amir Johnson,76,2017
Kyle Korver,76,2017
Courtney Lee,76,2017
Jeremy Lin,76,2017
Shaun Livingston,76,2017
Ian Mahinmi,76,2017
CJ Miles,76,2017
Nikola Mirotic,76,2017
Marcus Morris,76,2017
Markieff Morris,76,2017
Emmanuel Mudiay,76,2017
Kyle O'Quinn,76,2017
Kelly Olynyk,76,2017
Zaza Pachulia,76,2017
Patrick Patterson,76,2017
Otto Porter,76,2017
Marcus Smart,76,2017
Mirza Teletovic,76,2017
TJ Warren,76,2017
Deron Williams,76,2017
Brandan Wright,76,2017
Cody Zeller,76,2017
Darrell Arthur,75,2017
Omer Asik,75,2017
Aron Baynes,75,2017
Michael Beasley,75,2017
Michael Carter-Williams,75,2017
Allen Crabbe,75,2017
Matthew Dellavedova,75,2017
Buddy Hield,75,2017
Ersan Ilyasova,75,2017
Brandon Jennings,75,2017
Stanley Johnson,75,2017
Tyler Johnson,75,2017
Cory Joseph,75,2017
Joffrey Lauvergne,75,2017
Alex Len,75,2017
Jon Leuer,75,2017
Boban Marjanovic,75,2017
Patrick Mills,75,2017
Timofey Mozgov,75,2017
Jamal Murray,75,2017
Larry Nance Jr,75,2017
Jusuf Nurkic,75,2017
Elfrid Payton,75,2017
Josh Richardson,75,2017
Terrence Ross,75,2017
Dario Saric,75,2017
Thabo Sefolosha,75,2017
Ishmael Smith,75,2017
Marreese Speights,75,2017
Tiago Splitter,75,2017
PJ Tucker,75,2017
David West,75,2017
Cole Aldrich,74,2017
Kyle Anderson,74,2017
Matt Barnes,74,2017
Brandon Bass,74,2017
Jerryd Bayless,74,2017
Jaylen Brown,74,2017
Jose Calderon,74,2017
Vince Carter,74,2017
Tyson Chandler,74,2017
Dewayne Dedmon,74,2017
Boris Diaw,74,2017
Dante Exum,74,2017
Raymond Felton,74,2017
Channing Frye,74,2017
Kevin Garnett,74,2017
Gerald Henderson,74,2017
Mario Hezonja,74,2017
Roy Hibbert,74,2017
Solomon Hill,74,2017
Jarrett Jack,74,2017
Richard Jefferson,74,2017
Terrence Jones,74,2017
Frank Kaminsky,74,2017
Kosta Koufos,74,2017
Jeremy Lamb,74,2017
David Lee,74,2017
Shelvin Mack,74,2017
Doug McDermott,74,2017
Jodie Meeks,74,2017
E'Twaun Moore,74,2017
Donatas Motiejunas,74,2017
Nikola Pekovic,74,2017
Quincy Pondexter,74,2017
Bobby Portis,74,2017
Dwight Powell,74,2017
Norman Powell,74,2017
Austin Rivers,74,2017
Andre Roberson,74,2017
Sergio Rodriguez,74,2017
Luis Scola,74,2017
Ramon Sessions,74,2017
Iman Shumpert,74,2017
Rodney Stuckey,74,2017
Garrett Temple,74,2017
Jeff Withey,74,2017
Yi Jianlian,74,2017
Tyler Zeller,74,2017
Alexis Ajinca,73,2017
Chris Andersen,73,2017
DJ Augustin,73,2017
Leandro Barbosa,73,2017
Trevor Booker,73,2017
Corey Brewer,73,2017
Aaron Brooks,73,2017
Trey Burke,73,2017
Omri Casspi,73,2017
Mike Dunleavy,73,2017
Jerami Grant,73,2017
Gerald Green,73,2017
JaMychal Green,73,2017
Devin Harris,73,2017
Kris Humphries,73,2017
Joe Ingles,73,2017
Jonas Jerebko,73,2017
Wesley Johnson,73,2017
Mindaugas Kuzminskas,73,2017
Ty Lawson,73,2017
Luc Mbah a Moute,73,2017
TJ McConnell,73,2017
Salah Mejri,73,2017
Anthony Morrow,73,2017
Shabazz Muhammad,73,2017
Raul Neto,73,2017
Andrew Nicholson,73,2017
Cameron Payne,73,2017
Paul Pierce,73,2017
Miles Plumlee,73,2017
Mike Scott,73,2017
Jason Smith,73,2017
Marcus Thornton,73,2017
Anderson Varejao,73,2017
Dion Waiters,73,2017
Derrick Williams,73,2017
Maurice Williams,73,2017
Quincy Acy,72,2017
Lavoy Allen,72,2017
Justin Anderson,72,2017
Marco Belinelli,72,2017
Dragan Bender,72,2017
Nemanja Bjelica,72,2017
Isaiah Canaan,72,2017
Willie Cauley-Stein,72,2017
Nick Collison,72,2017
Seth Curry,72,2017
Wayne Ellington,72,2017
Archie Goodwin,72,2017
Jerian Grant,72,2017
Moe Harkless,72,2017
Spencer Hawes,72,2017
Rondae Hollis-Jefferson,72,2017
Marcelo Huertas,72,2017
James Johnson,72,2017
Meyers Leonard,72,2017
Trey Lyles,72,2017
JaVale McGee,72,2017
Ben McLemore,72,2017
Mike Muscala,72,2017
Jameer Nelson,72,2017
Steve Novak,72,2017
Brian Roberts,72,2017
Brandon Rush,72,2017
Tomas Satoransky,72,2017
Tony Snell,72,2017
Lance Thomas,72,2017
Hollis Thompson,72,2017
Beno Udrih,72,2017
Denzel Valentine,72,2017
CJ Watson,72,2017
Marquese Chriss,71,2017
Ian Clark,71,2017
Dante Cunningham,71,2017
James Ennis,71,2017
Randy Foye,71,2017
Langston Galloway,71,2017
Tim Hardaway Jr,71,2017
Tyus Jones,71,2017
Sean Kilpatrick,71,2017
Caris LeVert,71,2017
Thon Maker,71,2017
Ray McCallum,71,2017
Josh McRoberts,71,2017
Jordan Mickey,71,2017
Jakob Poeltl,71,2017
Pablo Prigioni,71,2017
Taurean Prince,71,2017
Terry Rozier,71,2017
Domantas Sabonis,71,2017
Kyle Singler,71,2017
Jason Terry,71,2017
Greivis Vasquez,71,2017
Joseph Young,71,2017
Alex Abrines,70,2017
Anthony Bennett,70,2017
Davis Bertans,70,2017
Tarik Black,70,2017
Malcolm Brogdon,70,2017
Reggie Bullock,70,2017
Troy Daniels,70,2017
Sam Dekker,70,2017
Henry Ellenson,70,2017
Tyler Ennis,70,2017
Jeremy Evans,70,2017
Cristiano Felicio,70,2017
Tim Frazier,70,2017
Alonzo Gee,70,2017
Montrezl Harrell,70,2017
Udonis Haslem,70,2017
Justin Holiday,70,2017
Richaun Holmes,70,2017
Skal Labissiere,70,2017
Kevon Looney,70,2017
Patrick McCaw,70,2017
Jordan McRae,70,2017
Mike Miller,70,2017
Dejounte Murray,70,2017
Shabazz Napier,70,2017
Kelly Oubre,70,2017
Georgios Papagiannis,70,2017
Willie Reed,70,2017
Glenn Robinson III,70,2017
Jonathon Simmons,70,2017
Anthony Tolliver,70,2017
Noah Vonleh,70,2017
Alan Williams,70,2017
Nick Young,70,2017
Alan Anderson,69,2017
Luke Babbitt,69,2017
Wade Baldwin,69,2017
Malik Beasley,69,2017
DeAndre Bembry,69,2017
Anthony Brown,69,2017
Pat Connaughton,69,2017
Deyonta Davis,69,2017
Kay Felder,69,2017
Justin Hamilton,69,2017
AJ Hammons,69,2017
Willy Hernangomez,69,2017
Josh Huestis,69,2017
Livio Jean-Charles,69,2017
John Jenkins,69,2017
Brice Johnson,69,2017
James Jones,69,2017
Timothe Luwawu,69,2017
Jarell Martin,69,2017
Chris McCullough,69,2017
Maurice Ndour,69,2017
Lucas Nogueira,69,2017
Adreian Payne,69,2017
Ronnie Price,69,2017
Malachi Richardson,69,2017
Nik Stauskas,69,2017
Tyler Ulis,69,2017
Rashad Vaughn,69,2017
Sasha Vujacic,69,2017
Delon Wright,69,2017
Jordan Adams,68,2017
Michael Gbinije,68,2017
Jonathan Gibson,68,2017
Joe Harris,68,2017
Andrew Harrison,68,2017
Juan Hernangomez,68,2017
Darrun Hilliard,68,2017
Damian Jones,68,2017
Jake Layman,68,2017
James Michael McAdoo,68,2017
KJ McDaniels,68,2017
Georges Niang,68,2017
David Nwaba,68,2017
Isaiah Whitehead,68,2017
CJ Wilcox,68,2017
Christian Wood,68,2017
Paul Zipser,68,2017
Joel Bolomboy,67,2017
Cheick Diallo,67,2017
Spencer Dinwiddie,67,2017
Chinanu Onuaku,67,2017
Pascal Siakam,67,2017
Walter Tavares,67,2017
James Young,67,2017
Stephen Zimmerman,67,2017
Ivica Zubac,67,2017
Bruno Caboclo,66,2017
Rakeem Christmas,66,2017
Jarell Eddie,66,2017
Marshall Plumlee,66,2017
Damjan Rudez,66,2017
Diamond Stone,66,2017
Elliot Williams,66,2017
Treveon Graham,65,2017
Aaron Harrison,65,2017
Danuel House,65,2017
RJ Hunter,65,2017
LeBron James,97,2018
Kevin Durant,96,2018
James Harden,95,2018
Kawhi Leonard,95,2018
Stephen Curry,94,2018
Anthony Davis,94,2018
Russell Westbrook,94,2018
DeMarcus Cousins,92,2018
Giannis Antetokounmpo,91,2018
Paul George,91,2018
Chris Paul,91,2018
Jimmy Butler,90,2018
Kyrie Irving,90,2018
Klay Thompson,90,2018
Karl-Anthony Towns,90,2018
John Wall,90,2018
DeMar DeRozan,89,2018
Marc Gasol,89,2018
Damian Lillard,89,2018
Isaiah Thomas,89,2018
Rudy Gobert,88,2018
Draymond Green,88,2018
Gordon Hayward,88,2018
Nikola Jokic,88,2018
Bradley Beal,87,2018
Mike Conley,87,2018
Blake Griffin,87,2018
DeAndre Jordan,87,2018
Kevin Love,87,2018
Kyle Lowry,87,2018
Paul Millsap,87,2018
Hassan Whiteside,87,2018
Joel Embiid,86,2018
CJ McCollum,86,2018
Kristaps Porzingis,86,2018
Kemba Walker,86,2018
Andrew Wiggins,86,2018
LaMarcus Aldridge,85,2018
Devin Booker,85,2018
Goran Dragic,85,2018
Andre Drummond,85,2018
Carmelo Anthony,84,2018
Eric Bledsoe,84,2018
Brook Lopez,84,2018
Myles Turner,84,2018
Avery Bradley,83,2018
Al Horford,83,2018
Steven Adams,82,2018
George Hill,82,2018
Dwyane Wade,82,2018
Harrison Barnes,81,2018
Danilo Gallinari,81,2018
Pau Gasol,81,2018
Rudy Gay,81,2018
Gary Harris,81,2018
Dwight Howard,81,2018
Khris Middleton,81,2018
Jabari Parker,81,2018
Jonas Valanciunas,81,2018
Louis Williams,81,2018
Lonzo Ball,80,2018
Jae Crowder,80,2018
Markelle Fultz,80,2018
Eric Gordon,80,2018
Tim Hardaway Jr,80,2018
Jrue Holiday,80,2018
Serge Ibaka,80,2018
Enes Kanter,80,2018
Zach LaVine,80,2018
Greg Monroe,80,2018
Dirk Nowitzki,80,2018
Otto Porter,80,2018
Zach Randolph,80,2018
Austin Rivers,80,2018
D'Angelo Russell,80,2018
Nikola Vucevic,80,2018
Dion Waiters,80,2018
Nicolas Batum,79,2018
Patrick Beverley,79,2018
Kentavious Caldwell-Pope,79,2018
Clint Capela,79,2018
Andre Iguodala,79,2018
James Johnson,79,2018
Jusuf Nurkic,79,2018
Victor Oladipo,79,2018
JJ Redick,79,2018
Ricky Rubio,79,2018
Dennis Schroeder,79,2018
Ben Simmons,79,2018
Marcus Smart,79,2018
Jeff Teague,79,2018
Tony Allen,78,2018
Ryan Anderson,78,2018
Trevor Ariza,78,2018
Malcolm Brogdon,78,2018
Wilson Chandler,78,2018
Darren Collison,78,2018
Robert Covington,78,2018
Kenneth Faried,78,2018
Derrick Favors,78,2018
Evan Fournier,78,2018
Aaron Gordon,78,2018
Marcin Gortat,78,2018
Tobias Harris,78,2018
Rodney Hood,78,2018
Joe Ingles,78,2018
Josh Jackson,78,2018
Jeremy Lin,78,2018
Markieff Morris,78,2018
Nerlens Noel,78,2018
Julius Randle,78,2018
Derrick Rose,78,2018
Dario Saric,78,2018
Tristan Thompson,78,2018
TJ Warren,78,2018
Will Barton,77,2018
Bojan Bogdanovic,77,2018
Jordan Clarkson,77,2018
Jamal Crawford,77,2018
Seth Curry,77,2018
Dewayne Dedmon,77,2018
Tyreke Evans,77,2018
De'Aaron Fox,77,2018
Willy Hernangomez,77,2018
Buddy Hield,77,2018
Nenê,77,2018
Reggie Jackson,77,2018
Tyler Johnson,77,2018
Michael Kidd-Gilchrist,77,2018
Wesley Matthews,77,2018
Patrick Mills,77,2018
Marcus Morris,77,2018
Jamal Murray,77,2018
Larry Nance Jr,77,2018
Tony Parker,77,2018
Elfrid Payton,77,2018
Mason Plumlee,77,2018
Jayson Tatum,77,2018
Milos Teodosic,77,2018
Marvin Williams,77,2018
Thaddeus Young,77,2018
Cody Zeller,77,2018
Jose Juan Barea,76,2018
Trevor Booker,76,2018
Jaylen Brown,76,2018
Willie Cauley-Stein,76,2018
Tyson Chandler,76,2018
Marquese Chriss,76,2018
Gorgui Dieng,76,2018
Taj Gibson,76,2018
Manu Ginobili,76,2018
Treveon Graham,76,2018
Danny Green,76,2018
Richaun Holmes,76,2018
Brandon Ingram,76,2018
Jonathan Isaac,76,2018
Joe Johnson,76,2018
Frank Kaminsky,76,2018
Skal Labissiere,76,2018
Robin Lopez,76,2018
Luc Mbah a Moute,76,2018
JaVale McGee,76,2018
CJ Miles,76,2018
Nikola Mirotic,76,2018
Zaza Pachulia,76,2018
Bobby Portis,76,2018
Andre Roberson,76,2018
Rajon Rondo,76,2018
Dennis Smith,76,2018
PJ Tucker,76,2018
Justise Winslow,76,2018
Michael Beasley,75,2018
DeMarre Carroll,75,2018
Allen Crabbe,75,2018
JaMychal Green,75,2018
Rondae Hollis-Jefferson,75,2018
Ersan Ilyasova,75,2018
Al Jefferson,75,2018
Amir Johnson,75,2018
Cory Joseph,75,2018
Jeremy Lamb,75,2018
Ty Lawson,75,2018
Courtney Lee,75,2018
Jon Leuer,75,2018
Caris LeVert,75,2018
Shaun Livingston,75,2018
Thon Maker,75,2018
Lauri Markkanen,75,2018
TJ McConnell,75,2018
Donovan Mitchell,75,2018
Malik Monk,75,2018
Shabazz Muhammad,75,2018
Kelly Olynyk,75,2018
Patrick Patterson,75,2018
Norman Powell,75,2018
Taurean Prince,75,2018
Terrence Ross,75,2018
Thabo Sefolosha,75,2018
Jonathon Simmons,75,2018
JR Smith,75,2018
Tony Snell,75,2018
Lance Stephenson,75,2018
Tyler Ulis,75,2018
Alan Williams,75,2018
Ivica Zubac,75,2018
Alex Abrines,74,2018
Kent Bazemore,74,2018
Marco Belinelli,74,2018
Bogdan Bogdanovic,74,2018
Alec Burks,74,2018
Vince Carter,74,2018
Ian Clark,74,2018
Malcolm Delaney,74,2018
Matthew Dellavedova,74,2018
Jared Dudley,74,2018
Wayne Ellington,74,2018
Festus Ezeli,74,2018
Raymond Felton,74,2018
Yogi Ferrell,74,2018
Jerian Grant,74,2018
Moe Harkless,74,2018
Montrezl Harrell,74,2018
John Henson,74,2018
Juan Hernangomez,74,2018
Justin Holiday,74,2018
Richard Jefferson,74,2018
Jonas Jerebko,74,2018
Sean Kilpatrick,74,2018
Brandon Knight,74,2018
Kyle Korver,74,2018
Trey Lyles,74,2018
Ian Mahinmi,74,2018
Boban Marjanovic,74,2018
Rodney McGruder,74,2018
Salah Mejri,74,2018
E'Twaun Moore,74,2018
Timofey Mozgov,74,2018
Mike Muscala,74,2018
Jameer Nelson,74,2018
Joakim Noah,74,2018
Frank Ntilikina,74,2018
Kelly Oubre,74,2018
Chandler Parsons,74,2018
Willie Reed,74,2018
Josh Richardson,74,2018
Glenn Robinson III,74,2018
Terry Rozier,74,2018
Ishmael Smith,74,2018
Marreese Speights,74,2018
Garrett Temple,74,2018
Evan Turner,74,2018
Ekpe Udoh,74,2018
David West,74,2018
Deron Williams,74,2018
Nick Young,74,2018
Arron Afflalo,73,2018
Al-Farouq Aminu,73,2018
Justin Anderson,73,2018
Kyle Anderson,73,2018
Darrell Arthur,73,2018
DJ Augustin,73,2018
Leandro Barbosa,73,2018
Jerryd Bayless,73,2018
Aron Baynes,73,2018
Bismack Biyombo,73,2018
Tarik Black,73,2018
Andrew Bogut,73,2018
Aaron Brooks,73,2018
Zach Collins,73,2018
John Collins,73,2018
Sam Dekker,73,2018
Luol Deng,73,2018
Spencer Dinwiddie,73,2018
Dante Exum,73,2018
Cristiano Felicio,73,2018
Tim Frazier,73,2018
Channing Frye,73,2018
Langston Galloway,73,2018
Jerami Grant,73,2018
Jeff Green,73,2018
Devin Harris,73,2018
Mario Hezonja,73,2018
Kris Humphries,73,2018
Jarrett Jack,73,2018
Stanley Johnson,73,2018
Tyus Jones,73,2018
Kosta Koufos,73,2018
Mindaugas Kuzminskas,73,2018
Joffrey Lauvergne,73,2018
Alex Len,73,2018
Shelvin Mack,73,2018
Patrick McCaw,73,2018
Doug McDermott,73,2018
Ben McLemore,73,2018
Emmanuel Mudiay,73,2018
Dejounte Murray,73,2018
Lucas Nogueira,73,2018
David Nwaba,73,2018
Jahlil Okafor,73,2018
Emeka Okafor,73,2018
Quincy Pondexter,73,2018
Dwight Powell,73,2018
Domantas Sabonis,73,2018
Ramon Sessions,73,2018
Iman Shumpert,73,2018
Jason Smith,73,2018
Nik Stauskas,73,2018
Mirza Teletovic,73,2018
Denzel Valentine,73,2018
Isaiah Whitehead,73,2018
Jeff Withey,73,2018
Brandan Wright,73,2018
Tyler Zeller,73,2018
Quincy Acy,72,2018
Bam Adebayo,72,2018
Alexis Ajinca,72,2018
Cole Aldrich,72,2018
Lavoy Allen,72,2018
Jarrett Allen,72,2018
Malik Beasley,72,2018
Dragan Bender,72,2018
Davis Bertans,72,2018
Nemanja Bjelica,72,2018
Omri Casspi,72,2018
Dante Cunningham,72,2018
Troy Daniels,72,2018
Deyonta Davis,72,2018
Ed Davis,72,2018
Kris Dunn,72,2018
James Ennis,72,2018
Tyler Ennis,72,2018
Dorian Finney-Smith,72,2018
Archie Goodwin,72,2018
Gerald Green,72,2018
Justin Hamilton,72,2018
Joe Harris,72,2018
Andrew Harrison,72,2018
Solomon Hill,72,2018
Justin Jackson,72,2018
Brandon Jennings,72,2018
Kyle Kuzma,72,2018
Timothe Luwawu,72,2018
Jarell Martin,72,2018
Jodie Meeks,72,2018
Raul Neto,72,2018
Georgios Papagiannis,72,2018
Jakob Poeltl,72,2018
Mike Scott,72,2018
Pascal Siakam,72,2018
Anthony Tolliver,72,2018
Beno Udrih,72,2018
Noah Vonleh,72,2018
CJ Watson,72,2018
Derrick Williams,72,2018
Delon Wright,72,2018
Joseph Young,72,2018
OG Anunoby,71,2018
Omer Asik,71,2018
Trey Burke,71,2018
Jose Calderon,71,2018
Michael Carter-Williams,71,2018
Henry Ellenson,71,2018
Terrance Ferguson,71,2018
Bryn Forbes,71,2018
Wesley Johnson,71,2018
Luke Kennard,71,2018
Shane Larkin,71,2018
Jordan Mickey,71,2018
Shabazz Napier,71,2018
Cedi Osman,71,2018
Adreian Payne,71,2018
Cameron Payne,71,2018
Daniel Theis,71,2018
Lance Thomas,71,2018
Paul Zipser,71,2018
Ante Zizic,71,2018
Luke Babbitt,70,2018
Corey Brewer,70,2018
Anthony Brown,70,2018
Isaiah Canaan,70,2018
Semaj Christon,70,2018
Nick Collison,70,2018
Pat Connaughton,70,2018
Torrey Craig,70,2018
Cheick Diallo,70,2018
Michael Gbinije,70,2018
Harry Giles,70,2018
Josh Hart,70,2018
Udonis Haslem,70,2018
Frank Jackson,70,2018
Brice Johnson,70,2018
Damian Jones,70,2018
Furkan Korkmaz,70,2018
Meyers Leonard,70,2018
Kevon Looney,70,2018
Justin Patton,70,2018
Miles Plumlee,70,2018
Malachi Richardson,70,2018
Brandon Rush,70,2018
Tomas Satoransky,70,2018
Wayne Selden,70,2018
Diamond Stone,70,2018
Caleb Swanigan,70,2018
Rashad Vaughn,70,2018
Derrick White,70,2018
Guerschon Yabusele,70,2018
James Young,70,2018
Dwayne Bacon,69,2018
Wade Baldwin,69,2018
Jordan Bell,69,2018
DeAndre Bembry,69,2018
Joel Bolomboy,69,2018
Tony Bradley,69,2018
Quinn Cook,69,2018
Kay Felder,69,2018
Darrun Hilliard,69,2018
Danuel House,69,2018
Josh Huestis,69,2018
Jake Layman,69,2018
James Michael McAdoo,69,2018
Chris McCullough,69,2018
KJ McDaniels,69,2018
Josh McRoberts,69,2018
Royce O'Neale,69,2018
Chinanu Onuaku,69,2018
Gary Payton II,69,2018
Ronnie Price,69,2018
Zhou Qi,69,2018
Chasson Randle,69,2018
Davon Reed,69,2018
JaKarr Sampson,69,2018
Walter Tavares,69,2018
Jason Terry,69,2018
Fred VanVleet,69,2018
Okaro White,69,2018
Rade Zagorac,69,2018
Ron Baker,68,2018
Dillon Brooks,68,2018
Sterling Brown,68,2018
Nicolas Brussino,68,2018
Thomas Bryant,68,2018
Reggie Bullock,68,2018
Tyler Dorsey,68,2018
AJ Hammons,68,2018
Demetrius Jackson,68,2018
Maxi Kleber,68,2018
Abdel Nader,68,2018
Andrew Nicholson,68,2018
Kyle O'Quinn,68,2018
Marshall Plumlee,68,2018
Isaiah Taylor,68,2018
Sindarius Thornwell,68,2018
MarShon Brooks,67,2018
Bruno Caboclo,67,2018
Jarell Eddie,67,2018
Marcus Georges-Hunt,67,2018
Tim Quarterman,67,2018
Kyle Singler,67,2018
CJ Wilcox,67,2018
Stephen Zimmerman,67,2018
Jack Cooley,66,2018
John Holland,66,2018
Georges Niang,66,2018
Daniel Ochefu,66,2018
Travis Wear,66,2018
Dwight Buycks,65,2018
Tyler Cavanaugh,65,2018
RJ Hunter,65,2018
Luis Montero,65,2018
Eric Moreland,65,2018
LeBron James,98,2019
Kevin Durant,97,2019
James Harden,96,2019
Stephen Curry,95,2019
Giannis Antetokounmpo,94,2019
Anthony Davis,94,2019
Kawhi Leonard,94,2019
Kyrie Irving,93,2019
Russell Westbrook,93,2019
Karl-Anthony Towns,91,2019
DeMarcus Cousins,90,2019
Joel Embiid,90,2019
Damian Lillard,90,2019
Chris Paul,90,2019
Jimmy Butler,89,2019
DeMar DeRozan,89,2019
Paul George,89,2019
Nikola Jokic,89,2019
Klay Thompson,89,2019
John Wall,89,2019
LaMarcus Aldridge,88,2019
Gordon Hayward,88,2019
Victor Oladipo,88,2019
Kristaps Porzingis,88,2019
Bradley Beal,87,2019
Devin Booker,87,2019
Andre Drummond,87,2019
Rudy Gobert,87,2019
Draymond Green,87,2019
CJ McCollum,87,2019
Donovan Mitchell,87,2019
Ben Simmons,87,2019
Jayson Tatum,87,2019
Blake Griffin,86,2019
Al Horford,86,2019
DeAndre Jordan,86,2019
Kevin Love,86,2019
Kemba Walker,86,2019
Marc Gasol,85,2019
Jrue Holiday,85,2019
Kyle Lowry,85,2019
Hassan Whiteside,85,2019
Steven Adams,84,2019
Jaylen Brown,84,2019
Clint Capela,84,2019
Goran Dragic,84,2019
Khris Middleton,84,2019
Mike Conley,83,2019
Gary Harris,83,2019
D'Angelo Russell,83,2019
Harrison Barnes,82,2019
Aaron Gordon,82,2019
Tobias Harris,82,2019
Brandon Ingram,82,2019
Lauri Markkanen,82,2019
Paul Millsap,82,2019
Jonas Valanciunas,82,2019
Louis Williams,82,2019
Eric Bledsoe,81,2019
Eric Gordon,81,2019
Dwight Howard,81,2019
Jamal Murray,81,2019
Jabari Parker,81,2019
Otto Porter,81,2019
Dennis Schroeder,81,2019
Nikola Vucevic,81,2019
Andrew Wiggins,81,2019
Tyreke Evans,80,2019
Kyle Kuzma,80,2019
Zach LaVine,80,2019
Julius Randle,80,2019
Isaiah Thomas,80,2019
Myles Turner,80,2019
TJ Warren,80,2019
Carmelo Anthony,79,2019
Deandre Ayton,79,2019
Lonzo Ball,79,2019
Will Barton,79,2019
Bojan Bogdanovic,79,2019
Malcolm Brogdon,79,2019
Willie Cauley-Stein,79,2019
John Collins,79,2019
Darren Collison,79,2019
Robert Covington,79,2019
Spencer Dinwiddie,79,2019
Luka Doncic,79,2019
Derrick Favors,79,2019
Evan Fournier,79,2019
Pau Gasol,79,2019
Buddy Hield,79,2019
Serge Ibaka,79,2019
Joe Ingles,79,2019
Reggie Jackson,79,2019
Enes Kanter,79,2019
Brook Lopez,79,2019
Nikola Mirotic,79,2019
Jusuf Nurkic,79,2019
Bobby Portis,79,2019
Taurean Prince,79,2019
JJ Redick,79,2019
Rajon Rondo,79,2019
Terry Rozier,79,2019
Ricky Rubio,79,2019
Domantas Sabonis,79,2019
Dario Saric,79,2019
Jeff Teague,79,2019
Dwyane Wade,79,2019
Bam Adebayo,78,2019
Jarrett Allen,78,2019
Trevor Ariza,78,2019
Marvin Bagley,78,2019
Patrick Beverley,78,2019
Kris Dunn,78,2019
De'Aaron Fox,78,2019
Rudy Gay,78,2019
Tim Hardaway Jr,78,2019
Rondae Hollis-Jefferson,78,2019
Jaren Jackson,78,2019
Jeremy Lamb,78,2019
Jeremy Lin,78,2019
Dejounte Murray,78,2019
Dirk Nowitzki,78,2019
Zach Randolph,78,2019
Josh Richardson,78,2019
Austin Rivers,78,2019
Marcus Smart,78,2019
Dennis Smith,78,2019
Thaddeus Young,78,2019
Kyle Anderson,77,2019
Mo Bamba,77,2019
Nicolas Batum,77,2019
Kent Bazemore,77,2019
Jordan Bell,77,2019
Bogdan Bogdanovic,77,2019
Avery Bradley,77,2019
DeMarre Carroll,77,2019
Wendell Carter,77,2019
Wilson Chandler,77,2019
Jamal Crawford,77,2019
Dewayne Dedmon,77,2019
Danilo Gallinari,77,2019
Manu Ginobili,77,2019
Marcin Gortat,77,2019
Gerald Green,77,2019
John Henson,77,2019
Nenê,77,2019
Andre Iguodala,77,2019
Ersan Ilyasova,77,2019
Josh Jackson,77,2019
James Johnson,77,2019
Alex Len,77,2019
Robin Lopez,77,2019
Wesley Matthews,77,2019
JaVale McGee,77,2019
Marcus Morris,77,2019
Markieff Morris,77,2019
Larry Nance Jr,77,2019
Nerlens Noel,77,2019
Kelly Olynyk,77,2019
Elfrid Payton,77,2019
Pascal Siakam,77,2019
Jonathon Simmons,77,2019
Fred VanVleet,77,2019
Delon Wright,77,2019
Trae Young,77,2019
Cody Zeller,77,2019
Al-Farouq Aminu,76,2019
OG Anunoby,76,2019
DJ Augustin,76,2019
Jose Juan Barea,76,2019
Michael Beasley,76,2019
Marco Belinelli,76,2019
Reggie Bullock,76,2019
Kentavious Caldwell-Pope,76,2019
Jordan Clarkson,76,2019
Allen Crabbe,76,2019
Jae Crowder,76,2019
Ed Davis,76,2019
Wayne Ellington,76,2019
Kenneth Faried,76,2019
Markelle Fultz,76,2019
Taj Gibson,76,2019
Jeff Green,76,2019
Montrezl Harrell,76,2019
Josh Hart,76,2019
Willy Hernangomez,76,2019
Mario Hezonja,76,2019
George Hill,76,2019
Jonathan Isaac,76,2019
Al Jefferson,76,2019
Tyler Johnson,76,2019
Frank Kaminsky,76,2019
Kosta Koufos,76,2019
Courtney Lee,76,2019
Caris LeVert,76,2019
Trey Lyles,76,2019
Salah Mejri,76,2019
Patrick Mills,76,2019
Greg Monroe,76,2019
Shabazz Napier,76,2019
Kyle O'Quinn,76,2019
Kelly Oubre,76,2019
Zaza Pachulia,76,2019
Tony Parker,76,2019
Mason Plumlee,76,2019
Michael Porter,76,2019
Dwight Powell,76,2019
Andre Roberson,76,2019
Tomas Satoransky,76,2019
Mike Scott,76,2019
Thabo Sefolosha,76,2019
Collin Sexton,76,2019
Ishmael Smith,76,2019
Lance Stephenson,76,2019
Tristan Thompson,76,2019
PJ Tucker,76,2019
Dion Waiters,76,2019
Marvin Williams,76,2019
Justise Winslow,76,2019
Tyler Zeller,76,2019
Ryan Anderson,75,2019
Aron Baynes,75,2019
Davis Bertans,75,2019
Nemanja Bjelica,75,2019
Dillon Brooks,75,2019
Trey Burke,75,2019
Alec Burks,75,2019
Omri Casspi,75,2019
Tyson Chandler,75,2019
Seth Curry,75,2019
Troy Daniels,75,2019
Gorgui Dieng,75,2019
James Ennis,75,2019
Raymond Felton,75,2019
Jerami Grant,75,2019
JaMychal Green,75,2019
Danny Green,75,2019
Joe Harris,75,2019
Richaun Holmes,75,2019
Rodney Hood,75,2019
Jonas Jerebko,75,2019
Amir Johnson,75,2019
Michael Kidd-Gilchrist,75,2019
Kevin Knox,75,2019
Kyle Korver,75,2019
Skal Labissiere,75,2019
Shaun Livingston,75,2019
Boban Marjanovic,75,2019
Luc Mbah a Moute,75,2019
TJ McConnell,75,2019
CJ Miles,75,2019
E'Twaun Moore,75,2019
Cedi Osman,75,2019
Chandler Parsons,75,2019
Jakob Poeltl,75,2019
Glenn Robinson III,75,2019
Derrick Rose,75,2019
JR Smith,75,2019
Ekpe Udoh,75,2019
Alan Williams,75,2019
Bismack Biyombo,74,2019
Andrew Bogut,74,2019
Miles Bridges,74,2019
Mikal Bridges,74,2019
Vince Carter,74,2019
Marquese Chriss,74,2019
Quinn Cook,74,2019
Dante Exum,74,2019
Yogi Ferrell,74,2019
Channing Frye,74,2019
Langston Galloway,74,2019
Jerian Grant,74,2019
Andrew Harrison,74,2019
Justin Holiday,74,2019
Stanley Johnson,74,2019
Terrence Jones,74,2019
Tyus Jones,74,2019
Cory Joseph,74,2019
Brandon Knight,74,2019
Jon Leuer,74,2019
Ian Mahinmi,74,2019
Rodney McGruder,74,2019
Malik Monk,74,2019
Timofey Mozgov,74,2019
Emmanuel Mudiay,74,2019
Mike Muscala,74,2019
Frank Ntilikina,74,2019
Royce O'Neale,74,2019
Patrick Patterson,74,2019
Norman Powell,74,2019
Terrence Ross,74,2019
Wayne Selden,74,2019
Garrett Temple,74,2019
Milos Teodosic,74,2019
Daniel Theis,74,2019
Anthony Tolliver,74,2019
Tyler Ulis,74,2019
Denzel Valentine,74,2019
Nick Young,74,2019
Grayson Allen,73,2019
Ron Baker,73,2019
Dragan Bender,73,2019
Corey Brewer,73,2019
MarShon Brooks,73,2019
Jose Calderon,73,2019
Deyonta Davis,73,2019
Matthew Dellavedova,73,2019
Harry Giles,73,2019
Shai Gilgeous-Alexander,73,2019
Moe Harkless,73,2019
Juan Hernangomez,73,2019
Solomon Hill,73,2019
Justin Jackson,73,2019
Maxi Kleber,73,2019
Shelvin Mack,73,2019
Jarell Martin,73,2019
Doug McDermott,73,2019
Ben McLemore,73,2019
Darius Miller,73,2019
Shabazz Muhammad,73,2019
Joakim Noah,73,2019
David Nwaba,73,2019
Jahlil Okafor,73,2019
Emeka Okafor,73,2019
Iman Shumpert,73,2019
Tony Snell,73,2019
Evan Turner,73,2019
Lonnie Walker,73,2019
Robert Williams,73,2019
Ante Zizic,73,2019
Ivica Zubac,73,2019
Alex Abrines,72,2019
Alexis Ajinca,72,2019
Cole Aldrich,72,2019
Justin Anderson,72,2019
Malik Beasley,72,2019
Isaiah Canaan,72,2019
Tyler Cavanaugh,72,2019
Ian Clark,72,2019
Pat Connaughton,72,2019
Luol Deng,72,2019
Cheick Diallo,72,2019
Donte DiVincenzo,72,2019
Jared Dudley,72,2019
Jacob Evans,72,2019
Dorian Finney-Smith,72,2019
Bryn Forbes,72,2019
Tim Frazier,72,2019
Jonathan Gibson,72,2019
Archie Goodwin,72,2019
Devin Harris,72,2019
Aaron Holiday,72,2019
Jarrett Jack,72,2019
Luke Kennard,72,2019
TJ Leaf,72,2019
Thon Maker,72,2019
Patrick McCaw,72,2019
Jodie Meeks,72,2019
Eric Moreland,72,2019
Johnathan Motley,72,2019
Raul Neto,72,2019
James Nunnally,72,2019
Quincy Pondexter,72,2019
Ivan Rabb,72,2019
Jerome Robinson,72,2019
Zhaire Smith,72,2019
Sindarius Thornwell,72,2019
Moritz Wagner,72,2019
Brad Wanamaker,72,2019
Quincy Acy,71,2019
Dwayne Bacon,71,2019
Khem Birch,71,2019
Troy Brown,71,2019
Dante Cunningham,71,2019
Sam Dekker,71,2019
Cristiano Felicio,71,2019
Kevin Huerter,71,2019
Chandler Hutchison,71,2019
Derrick Jones,71,2019
Furkan Korkmaz,71,2019
Meyers Leonard,71,2019
Kevon Looney,71,2019
Frank Mason,71,2019
Dzanan Musa,71,2019
Josh Okogie,71,2019
Cameron Payne,71,2019
Landry Shamet,71,2019
Omari Spellman,71,2019
Nik Stauskas,71,2019
Noah Vonleh,71,2019
Isaiah Whitehead,71,2019
Troy Williams,71,2019
Darrell Arthur,70,2019
Keita Bates-Diop,70,2019
DeAndre Bembry,70,2019
Tony Bradley,70,2019
Sterling Brown,70,2019
Jalen Brunson,70,2019
Jevon Carter,70,2019
Zach Collins,70,2019
Torrey Craig,70,2019
Tyler Dorsey,70,2019
Devonte Graham,70,2019
Udonis Haslem,70,2019
Wesley Iwundu,70,2019
Frank Jackson,70,2019
Wesley Johnson,70,2019
Jake Layman,70,2019
Timothe Luwawu,70,2019
Sviatoslav Mykhailiuk,70,2019
Monte Morris,70,2019
Elie Okobo,70,2019
Justin Patton,70,2019
Miles Plumlee,70,2019
Mitchell Robinson,70,2019
Caleb Swanigan,70,2019
Khyri Thomas,70,2019
Briante Weber,70,2019
DJ Wilson,70,2019
James Young,70,2019
Jerryd Bayless,69,2019
Antonio Blakeney,69,2019
Jonah Bolden,69,2019
Bruce Brown,69,2019
Lorenzo Brown,69,2019
Michael Carter-Williams,69,2019
Hamidou Diallo,69,2019
Damyean Dotson,69,2019
Henry Ellenson,69,2019
Jawun Evans,69,2019
Kay Felder,69,2019
Terrance Ferguson,69,2019
Melvin Frazier,69,2019
Treveon Graham,69,2019
Shaquille Harrison,69,2019
Danuel House,69,2019
Alize Johnson,69,2019
Damian Jones,69,2019
Rodions Kurucs,69,2019
Tyler Lydon,69,2019
Georges Niang,69,2019
Chinanu Onuaku,69,2019
Alex Poythress,69,2019
Chasson Randle,69,2019
Malachi Richardson,69,2019
JaKarr Sampson,69,2019
Anfernee Simons,69,2019
Jason Smith,69,2019
Lance Thomas,69,2019
Gary Trent Jr,69,2019
Jarred Vanderbilt,69,2019
Derrick White,69,2019
CJ Williams,69,2019
Guerschon Yabusele,69,2019
Ike Anigbogu,68,2019
Omer Asik,68,2019
Wade Baldwin,68,2019
Isaac Bonga,68,2019
Thomas Bryant,68,2019
Alex Caruso,68,2019
Isaiah Hartenstein,68,2019
Josh Huestis,68,2019
Demetrius Jackson,68,2019
Jalen Jones,68,2019
Abdel Nader,68,2019
Semi Ojeleye,68,2019
Gary Payton II,68,2019
Davon Reed,68,2019
Raymond Spalding,68,2019
Amile Jefferson,67,2019
Damion Lee,67,2019
Walter Lemon Jr,67,2019
Devin Robinson,67,2019
Edmond Sumner,67,2019
CJ Wilcox,67,2019
Jabari Bird,66,2019
Chris Boucher,66,2019
Bruno Caboclo,66,2019
Antonius Cleveland,66,2019
PJ Dozier,66,2019
Daniel Hamilton,66,2019
John Holland,66,2019
Jaylen Morris,66,2019
Zhou Qi,66,2019
Travis Wear,66,2019
Marcus Georges-Hunt,65,2019
Reggie Hearn,65,2019
Isaiah Hicks,65,2019
RJ Hunter,65,2019
Luke Kornet,65,2019
Naz Long,65,2019
LeBron James,97,2020
Kawhi Leonard,97,2020
Giannis Antetokounmpo,96,2020
Kevin Durant,96,2020
James Harden,96,2020
Stephen Curry,95,2020
Anthony Davis,94,2020
Paul George,93,2020
Damian Lillard,92,2020
Joel Embiid,91,2020
Kyrie Irving,91,2020
Nikola Jokic,90,2020
Russell Westbrook,90,2020
Klay Thompson,89,2020
Karl-Anthony Towns,89,2020
Jimmy Butler,88,2020
Rudy Gobert,88,2020
Blake Griffin,88,2020
Donovan Mitchell,88,2020
Kemba Walker,88,2020
Luka Doncic,87,2020
LaMarcus Aldridge,87,2020
Bradley Beal,87,2020
Mike Conley,87,2020
DeMar DeRozan,87,2020
CJ McCollum,87,2020
Victor Oladipo,87,2020
Kristaps Porzingis,87,2020
D'Angelo Russell,87,2020
Pascal Siakam,87,2020
Ben Simmons,87,2020
De'Aaron Fox,86,2020
Devin Booker,86,2020
DeMarcus Cousins,86,2020
Andre Drummond,86,2020
Draymond Green,86,2020
Jrue Holiday,86,2020
Nikola Vucevic,86,2020
John Wall,86,2020
Jayson Tatum,85,2020
Trae Young,85,2020
Eric Bledsoe,85,2020
Clint Capela,85,2020
Tobias Harris,85,2020
Al Horford,85,2020
Zach LaVine,85,2020
Kyle Lowry,85,2020
Khris Middleton,85,2020
Chris Paul,85,2020
John Collins,84,2020
Buddy Hield,84,2020
Kyle Kuzma,84,2020
Jamal Murray,84,2020
Louis Williams,84,2020
Marvin Bagley,83,2020
Bojan Bogdanovic,83,2020
Malcolm Brogdon,83,2020
Danilo Gallinari,83,2020
Montrezl Harrell,83,2020
Kevin Love,83,2020
Lauri Markkanen,83,2020
Jusuf Nurkic,83,2020
Julius Randle,83,2020
Marc Gasol,82,2020
Steven Adams,82,2020
Deandre Ayton,82,2020
Spencer Dinwiddie,82,2020
Jaren Jackson,82,2020
Paul Millsap,82,2020
Marcus Smart,82,2020
Myles Turner,82,2020
Serge Ibaka,81,2020
Zion Williamson,81,2020
Rudy Gay,81,2020
Aaron Gordon,81,2020
Brandon Ingram,81,2020
DeAndre Jordan,81,2020
Domantas Sabonis,81,2020
Jonas Valanciunas,81,2020
Hassan Whiteside,81,2020
Derrick Rose,80,2020
Robert Covington,80,2020
Derrick Favors,80,2020
Gordon Hayward,80,2020
Reggie Jackson,80,2020
Enes Kanter,80,2020
Otto Porter,80,2020
JJ Redick,80,2020
Josh Richardson,80,2020
TJ Warren,80,2020
Ja Morant,79,2020
Bam Adebayo,79,2020
Jarrett Allen,79,2020
Lonzo Ball,79,2020
Harrison Barnes,79,2020
Patrick Beverley,79,2020
Jaylen Brown,79,2020
Willie Cauley-Stein,79,2020
Goran Dragic,79,2020
Shai Gilgeous-Alexander,79,2020
Gary Harris,79,2020
Joe Ingles,79,2020
Jeremy Lamb,79,2020
Brook Lopez,79,2020
JaVale McGee,79,2020
Mitchell Robinson,79,2020
Terrence Ross,79,2020
Tristan Thompson,79,2020
PJ Tucker,79,2020
Fred VanVleet,79,2020
Andrew Wiggins,79,2020
Thaddeus Young,79,2020
RJ Barrett,78,2020
Ricky Rubio,78,2020
Will Barton,78,2020
Bogdan Bogdanovic,78,2020
Thomas Bryant,78,2020
Wendell Carter,78,2020
Jordan Clarkson,78,2020
Evan Fournier,78,2020
Eric Gordon,78,2020
JaMychal Green,78,2020
Joe Harris,78,2020
Andre Iguodala,78,2020
Caris LeVert,78,2020
Marcus Morris,78,2020
Dejounte Murray,78,2020
Larry Nance Jr,78,2020
Kelly Olynyk,78,2020
Kelly Oubre,78,2020
Jabari Parker,78,2020
Bobby Portis,78,2020
Terry Rozier,78,2020
Dennis Schroeder,78,2020
Jeff Teague,78,2020
Derrick White,78,2020
Justise Winslow,78,2020
Darius Garland,77,2020
De'Andre Hunter,77,2020
Al-Farouq Aminu,77,2020
Mo Bamba,77,2020
Nicolas Batum,77,2020
Malik Beasley,77,2020
Nemanja Bjelica,77,2020
DeMarre Carroll,77,2020
Ed Davis,77,2020
Taj Gibson,77,2020
Jerami Grant,77,2020
Danny Green,77,2020
Tim Hardaway Jr,77,2020
Alex Len,77,2020
Kevon Looney,77,2020
Monte Morris,77,2020
Nerlens Noel,77,2020
Mason Plumlee,77,2020
Jakob Poeltl,77,2020
Dwight Powell,77,2020
Taurean Prince,77,2020
Dario Saric,77,2020
Collin Sexton,77,2020
Dennis Smith,77,2020
Cody Zeller,77,2020
Ivica Zubac,77,2020
Jarrett Culver,77,2020
Willy Hernangomez,76,2020
Trevor Ariza,76,2020
DJ Augustin,76,2020
Jose Juan Barea,76,2020
Michael Beasley,76,2020
Davis Bertans,76,2020
Avery Bradley,76,2020
Miles Bridges,76,2020
Jalen Brunson,76,2020
Kentavious Caldwell-Pope,76,2020
Jae Crowder,76,2020
Dewayne Dedmon,76,2020
Gorgui Dieng,76,2020
Gerald Green,76,2020
Jeff Green,76,2020
Rodney Hood,76,2020
Kevin Huerter,76,2020
Ersan Ilyasova,76,2020
Jonathan Isaac,76,2020
Josh Jackson,76,2020
Frank Kaminsky,76,2020
Michael Kidd-Gilchrist,76,2020
Kevin Knox,76,2020
Meyers Leonard,76,2020
Wesley Matthews,76,2020
Emmanuel Mudiay,76,2020
Jahlil Okafor,76,2020
Elfrid Payton,76,2020
Michael Porter,76,2020
Austin Rivers,76,2020
Andre Roberson,76,2020
Rajon Rondo,76,2020
Landry Shamet,76,2020
Daniel Theis,76,2020
Isaiah Thomas,76,2020
Dion Waiters,76,2020
Marvin Williams,76,2020
Delon Wright,76,2020
Coby White,76,2020
Pau Gasol,75,2020
Aron Baynes,75,2020
Kent Bazemore,75,2020
Marco Belinelli,75,2020
Bismack Biyombo,75,2020
Mikal Bridges,75,2020
Wilson Chandler,75,2020
Damyean Dotson,75,2020
Kris Dunn,75,2020
Wayne Ellington,75,2020
Bryn Forbes,75,2020
Josh Hart,75,2020
John Henson,75,2020
Mario Hezonja,75,2020
George Hill,75,2020
Rondae Hollis-Jefferson,75,2020
Richaun Holmes,75,2020
James Johnson,75,2020
Luke Kennard,75,2020
Kyle Korver,75,2020
Rodions Kurucs,75,2020
Jake Layman,75,2020
Robin Lopez,75,2020
Trey Lyles,75,2020
Boban Marjanovic,75,2020
TJ McConnell,75,2020
Patrick Mills,75,2020
Malik Monk,75,2020
Markieff Morris,75,2020
Shabazz Napier,75,2020
Cedi Osman,75,2020
Tomas Satoransky,75,2020
Mike Scott,75,2020
Noah Vonleh,75,2020
Allonzo Trier,75,2020
Juan Hernangomez,74,2020
Kyle Anderson,74,2020
Jordan Bell,74,2020
Khem Birch,74,2020
Dillon Brooks,74,2020
Reggie Bullock,74,2020
Zach Collins,74,2020
Pat Connaughton,74,2020
Quinn Cook,74,2020
Torrey Craig,74,2020
Seth Curry,74,2020
Cheick Diallo,74,2020
Yogi Ferrell,74,2020
Markelle Fultz,74,2020
Harry Giles,74,2020
Moe Harkless,74,2020
Justin Jackson,74,2020
Tyler Johnson,74,2020
Derrick Jones,74,2020
Cory Joseph,74,2020
Maxi Kleber,74,2020
TJ Leaf,74,2020
Doug McDermott,74,2020
E'Twaun Moore,74,2020
Joakim Noah,74,2020
Kyle O'Quinn,74,2020
Chandler Parsons,74,2020
Norman Powell,74,2020
Ivan Rabb,74,2020
Glenn Robinson III,74,2020
Denzel Valentine,74,2020
Robert Williams,74,2020
Christian Wood,74,2020
Jaxson Hayes,74,2020
Rui Hachimura,74,2020
OG Anunoby,73,2020
Dwayne Bacon,73,2020
DeAndre Bembry,73,2020
Jonah Bolden,73,2020
Sterling Brown,73,2020
Bruce Brown,73,2020
Troy Brown,73,2020
Alec Burks,73,2020
Alex Caruso,73,2020
Tyson Chandler,73,2020
Allen Crabbe,73,2020
Matthew Dellavedova,73,2020
James Ennis,73,2020
Dorian Finney-Smith,73,2020
Shaquille Harrison,73,2020
Aaron Holiday,73,2020
Danuel House,73,2020
Stanley Johnson,73,2020
Tyus Jones,73,2020
Furkan Korkmaz,73,2020
Ian Mahinmi,73,2020
CJ Miles,73,2020
Mike Muscala,73,2020
Frank Ntilikina,73,2020
David Nwaba,73,2020
Royce O'Neale,73,2020
Semi Ojeleye,73,2020
Josh Okogie,73,2020
Jonathon Simmons,73,2020
Ishmael Smith,73,2020
Tony Snell,73,2020
Omari Spellman,73,2020
Garrett Temple,73,2020
Evan Turner,73,2020
Lonnie Walker,73,2020
Brad Wanamaker,73,2020
Ante Zizic,73,2020
Tyler Herro,73,2020
Vincent Poirier,73,2020
Sekou Doumbouya,73,2020
Brandon Clarke,73,2020
Nicolo Melli,73,2020
Nassir Little,73,2020
Grayson Allen,72,2020
Antonio Blakeney,72,2020
Michael Carter-Williams,72,2020
Troy Daniels,72,2020
Donte DiVincenzo,72,2020
Jared Dudley,72,2020
Cristiano Felicio,72,2020
Tim Frazier,72,2020
Langston Galloway,72,2020
Justin Holiday,72,2020
Chandler Hutchison,72,2020
Wesley Iwundu,72,2020
Brandon Knight,72,2020
Courtney Lee,72,2020
Thon Maker,72,2020
Patrick McCaw,72,2020
Rodney McGruder,72,2020
Darius Miller,72,2020
Raul Neto,72,2020
Georges Niang,72,2020
Cameron Payne,72,2020
Anfernee Simons,72,2020
Zhaire Smith,72,2020
Anthony Tolliver,72,2020
DJ Wilson,72,2020
Alfonzo McKinnie,72,2020
Romeo Langford,72,2020
Grant Williams,72,2020
Nicolas Claxton,72,2020
PJ Washington,72,2020
Ryan Arcidiacono,72,2020
Kevin Porter,72,2020
Ryan Broekhoff,72,2020
Goga Bitadze,72,2020
De'Anthony Melton,72,2020
Kenrich Williams,72,2020
Nickeil Alexander-Walker,72,2020
Chuma Okeke,72,2020
Matisse Thybulle,72,2020
Cameron Johnson,72,2020
Ty Jerome,72,2020
Luka Samanic,72,2020
Keldon Johnson,72,2020
Matt Thomas,72,2020
Chris Boucher,71,2020
Jevon Carter,71,2020
Deyonta Davis,71,2020
Jacob Evans,71,2020
Terrance Ferguson,71,2020
Daniel Gafford,71,2020
Treveon Graham,71,2020
Frank Jackson,71,2020
Luke Kornet,71,2020
Frank Mason,71,2020
Ben McLemore,71,2020
Dzanan Musa,71,2020
Elie Okobo,71,2020
Jerome Robinson,71,2020
JaKarr Sampson,71,2020
Edmond Sumner,71,2020
Gary Trent Jr,71,2020
Moritz Wagner,71,2020
Admiral Schofield,71,2020
Bruno Fernando,71,2020
Alen Smailagic,71,2020
Eric Paschall,71,2020
Carsen Edwards,71,2020
KZ Okpala,71,2020
Shake Milton,71,2020
Chimezie Metu,71,2020
Keita Bates-Diop,70,2020
Darius Bazley,70,2020
Tony Bradley,70,2020
Hamidou Diallo,70,2020
Melvin Frazier,70,2020
Solomon Hill,70,2020
Alize Johnson,70,2020
Skal Labissiere,70,2020
Tyler Lydon,70,2020
Sviatoslav Mykhailiuk,70,2020
Johnathan Motley,70,2020
Abdel Nader,70,2020
Miles Plumlee,70,2020
Caleb Swanigan,70,2020
Jarred Vanderbilt,70,2020
Jemerrio Jones,70,2020
Jordan Poole,70,2020
Talen Horton-Tucker,70,2020
Yante Maten,70,2020
Thanasis Antetokounmpo,70,2020
Naz Reid,70,2020
Ignas Brazdeikis,70,2020
Deonte Burton,70,2020
Justin James,70,2020
Henry Ellenson,69,2020
Devonte Graham,69,2020
Amile Jefferson,69,2020
Khyri Thomas,69,2020
Theo Pinson,69,2020
Gary Clark,69,2020
Terance Mann,69,2020
Cam Reynolds,69,2020
Tyrone Wallace,69,2020
Miye Oni,69,2020
Malcolm Miller,69,2020
Isaac Bonga,68,2020
Isaiah Hartenstein,68,2020
Jordan McRae,68,2020
Brandon Goodwin,68,2020
Michael Frazier,68,2020
Kostas Antetokounmpo,68,2020
Jalen Lecque,68,2020
Duncan Robinson,67,2020
Giannis Antetokounmpo,97,2021
LeBron James,97,2021
James Harden,96,2021
Kawhi Leonard,96,2021
Anthony Davis,95,2021
Kevin Durant,95,2021
Stephen Curry,95,2021
Damian Lillard,94,2021
Luka Doncic,94,2021
Joel Embiid,91,2021
Karl-Anthony Towns,90,2021
Kyrie Irving,90,2021
Nikola Jokic,90,2021
Paul George,90,2021
Jimmy Butler,89,2021
Klay Thompson,89,2021
Bradley Beal,88,2021
Chris Paul,88,2021
Donovan Mitchell,88,2021
Pascal Siakam,88,2021
Russell Westbrook,88,2021
Trae Young,88,2021
Ben Simmons,87,2021
Devin Booker,87,2021
Jayson Tatum,87,2021
Kristaps Porzingis,87,2021
Kyle Lowry,87,2021
Rudy Gobert,87,2021
Bam Adebayo,86,2021
Brandon Ingram,86,2021
DeMar DeRozan,86,2021
Kemba Walker,86,2021
Khris Middleton,86,2021
Nikola Vucevic,86,2021
Zion Williamson,86,2021
Andre Drummond,85,2021
De'Aaron Fox,85,2021
Domantas Sabonis,85,2021
Ja Morant,85,2021
Jamal Murray,85,2021
John Collins,85,2021
TJ Warren,85,2021
Zach LaVine,85,2021
Fred VanVleet,85,2021
CJ McCollum,84,2021
D'Angelo Russell,84,2021
Deandre Ayton,84,2021
Jaylen Brown,84,2021
Jusuf Nurkic,84,2021
LaMarcus Aldridge,84,2021
Shai Gilgeous-Alexander,84,2021
Tobias Harris,84,2021
Blake Griffin,83,2021
Caris LeVert,83,2021
Eric Bledsoe,83,2021
Gordon Hayward,83,2021
Jaren Jackson,83,2021
John Wall,83,2021
Jrue Holiday,83,2021
Malcolm Brogdon,83,2021
Spencer Dinwiddie,83,2021
Danilo Gallinari,83,2021
Hassan Whiteside,83,2021
Andrew Wiggins,82,2021
Brook Lopez,82,2021
Clint Capela,82,2021
Jonathan Isaac,82,2021
Kevin Love,82,2021
Steven Adams,82,2021
Victor Oladipo,82,2021
Montrezl Harrell,82,2021
Bojan Bogdanovic,81,2021
Buddy Hield,81,2021
Derrick Rose,81,2021
Jarrett Allen,81,2021
Jonas Valanciunas,81,2021
Kelly Oubre,81,2021
Louis Williams,81,2021
Marvin Bagley,81,2021
Michael Porter,81,2021
Mitchell Robinson,81,2021
DeMarcus Cousins,81,2021
Aaron Gordon,80,2021
Al Horford,80,2021
Brandon Clarke,80,2021
Collin Sexton,80,2021
DeAndre Jordan,80,2021
Dejounte Murray,80,2021
Dennis Schroeder,80,2021
Evan Fournier,80,2021
Josh Richardson,80,2021
Julius Randle,80,2021
Lauri Markkanen,80,2021
Marcus Smart,80,2021
Christian Wood,80,2021
Serge Ibaka,80,2021
Daniel Theis,79,2021
Derrick White,79,2021
Devonte Graham,79,2021
Draymond Green,79,2021
Eric Paschall,79,2021
Larry Nance Jr,79,2021
Mike Conley,79,2021
Myles Turner,79,2021
OG Anunoby,79,2021
Ricky Rubio,79,2021
Robert Covington,79,2021
Rudy Gay,79,2021
Rui Hachimura,79,2021
Terry Rozier,79,2021
Thomas Bryant,79,2021
Wendell Carter,79,2021
Bogdan Bogdanovic,79,2021
Davis Bertans,79,2021
Goran Dragic,79,2021
Paul Millsap,79,2021
Tristan Thompson,79,2021
Will Barton,79,2021
Cody Zeller,78,2021
Duncan Robinson,78,2021
Eric Gordon,78,2021
Harrison Barnes,78,2021
Ivica Zubac,78,2021
JaVale McGee,78,2021
JJ Redick,78,2021
Joe Ingles,78,2021
Luke Kennard,78,2021
Nemanja Bjelica,78,2021
Otto Porter,78,2021
Patrick Beverley,78,2021
Richaun Holmes,78,2021
Seth Curry,78,2021
Terrence Ross,78,2021
Tim Hardaway Jr,78,2021
Troy Brown,78,2021
Tyler Herro,78,2021
Aron Baynes,78,2021
Carmelo Anthony,78,2021
Dwight Howard,78,2021
Jeff Teague,78,2021
Jordan Clarkson,78,2021
Marcus Morris,78,2021
Bobby Portis,77,2021
Coby White,77,2021
Dillon Brooks,77,2021
Donte DiVincenzo,77,2021
Elfrid Payton,77,2021
Gary Trent Jr,77,2021
George Hill,77,2021
Jabari Parker,77,2021
Jalen Brunson,77,2021
Jerami Grant,77,2021
Jeremy Lamb,77,2021
Justise Winslow,77,2021
Lonzo Ball,77,2021
Malik Beasley,77,2021
Markelle Fultz,77,2021
Mikal Bridges,77,2021
Miles Bridges,77,2021
Monte Morris,77,2021
Norman Powell,77,2021
Patrick Mills,77,2021
PJ Washington,77,2021
Taj Gibson,77,2021
Willie Cauley-Stein,77,2021
Alec Burks,77,2021
Chris Boucher,77,2021
Derrick Favors,77,2021
Isaiah Thomas,77,2021
Jae Crowder,77,2021
Joe Harris,77,2021
Marc Gasol,77,2021
Mason Plumlee,77,2021
Aaron Holiday,76,2021
Andre Iguodala,76,2021
Cameron Johnson,76,2021
Danuel House,76,2021
Dario Saric,76,2021
Denzel Valentine,76,2021
Dorian Finney-Smith,76,2021
Doug McDermott,76,2021
Dwight Powell,76,2021
Enes Kanter,76,2021
Ersan Ilyasova,76,2021
Gary Harris,76,2021
Ishmael Smith,76,2021
Jakob Poeltl,76,2021
James Johnson,76,2021
Jaxson Hayes,76,2021
Keldon Johnson,76,2021
Kelly Olynyk,76,2021
Kris Dunn,76,2021
Kyle Kuzma,76,2021
Marquese Chriss,76,2021
Maxi Kleber,76,2021
Mo Bamba,76,2021
Moritz Wagner,76,2021
PJ Tucker,76,2021
Rajon Rondo,76,2021
Rodney Hood,76,2021
Thaddeus Young,76,2021
Tomas Satoransky,76,2021
Tyus Jones,76,2021
Kendrick Nunn,76,2021
Terence Davis,76,2021
Alex Len,76,2021
Bismack Biyombo,76,2021
DJ Augustin,76,2021
Gerald Green,76,2021
Jahlil Okafor,76,2021
Jeff Green,76,2021
Michael Carter-Williams,76,2021
Nerlens Noel,76,2021
Reggie Jackson,76,2021
Rondae Hollis-Jefferson,76,2021
Shabazz Napier,76,2021
Trey Burke,76,2021
Danny Green,76,2021
Al-Farouq Aminu,75,2021
Austin Rivers,75,2021
Boban Marjanovic,75,2021
Cedi Osman,75,2021
Chandler Hutchison,75,2021
Daniel Gafford,75,2021
De'Andre Hunter,75,2021
De'Anthony Melton,75,2021
Delon Wright,75,2021
Frank Kaminsky,75,2021
Furkan Korkmaz,75,2021
James Ennis,75,2021
Josh Hart,75,2021
Kentavious Caldwell-Pope,75,2021
Kevin Huerter,75,2021
Kevin Porter,75,2021
Kyle Anderson,75,2021
Malik Monk,75,2021
Matisse Thybulle,75,2021
Nicolo Melli,75,2021
RJ Barrett,75,2021
Shake Milton,75,2021
TJ McConnell,75,2021
Tony Bradley,75,2021
Trey Lyles,75,2021
Wesley Matthews,75,2021
Zach Collins,75,2021
Allonzo Trier,75,2021
Derrick Jones,75,2021
Glenn Robinson III,75,2021
Harry Giles,75,2021
Jamal Crawford,75,2021
John Henson,75,2021
Jose Juan Barea,75,2021
Justin Holiday,75,2021
Langston Galloway,75,2021
Markieff Morris,75,2021
Meyers Leonard,75,2021
Pau Gasol,75,2021
Willy Hernangomez,75,2021
Alex Caruso,74,2021
Avery Bradley,74,2021
Ben McLemore,74,2021
Bruce Brown,74,2021
Cameron Payne,74,2021
Damian Jones,74,2021
Damion Lee,74,2021
Darius Garland,74,2021
Garrett Temple,74,2021
Gorgui Dieng,74,2021
Jarrett Culver,74,2021
Jordan Bell,74,2021
Josh Okogie,74,2021
JR Smith,74,2021
Juan Hernangomez,74,2021
Kevon Looney,74,2021
Landry Shamet,74,2021
Matt Thomas,74,2021
Omari Spellman,74,2021
Patrick Patterson,74,2021
Robert Williams,74,2021
Royce O'Neale,74,2021
Skal Labissiere,74,2021
Timothe Luwawu,74,2021
Trevor Ariza,74,2021
Luguentz Dort,74,2021
Bryn Forbes,74,2021
Chandler Parsons,74,2021
Emmanuel Mudiay,74,2021
Ian Mahinmi,74,2021
Ivan Rabb,74,2021
Jordan McRae,74,2021
Kent Bazemore,74,2021
Kyle O'Quinn,74,2021
Marvin Williams,74,2021
Noah Vonleh,74,2021
Torrey Craig,74,2021
Jordan McLaughlin,74,2021
Bruno Fernando,73,2021
Cam Reddish,73,2021
Chimezie Metu,73,2021
Cory Joseph,73,2021
Dante Exum,73,2021
Darius Bazley,73,2021
David Nwaba,73,2021
DeAndre Bembry,73,2021
DeMarre Carroll,73,2021
Dion Waiters,73,2021
Frank Ntilikina,73,2021
Georges Niang,73,2021
Goga Bitadze,73,2021
Jake Layman,73,2021
Jerome Robinson,73,2021
Lonnie Walker,73,2021
Luke Kornet,73,2021
Mario Hezonja,73,2021
Mike Muscala,73,2021
Nicolas Batum,73,2021
Nicolas Claxton,73,2021
Patrick McCaw,73,2021
Quinn Cook,73,2021
Robin Lopez,73,2021
Sviatoslav Mykhailiuk,73,2021
Taurean Prince,73,2021
Thon Maker,73,2021
Vincent Poirier,73,2021
Chris Clemons,73,2021
Ante Zizic,73,2021
Brad Wanamaker,73,2021
CJ Miles,73,2021
Corey Brewer,73,2021
E'Twaun Moore,73,2021
Evan Turner,73,2021
Isaiah Hartenstein,73,2021
JaKarr Sampson,73,2021
Jevon Carter,73,2021
Jonah Bolden,73,2021
Josh Jackson,73,2021
Kyle Korver,73,2021
Pat Connaughton,73,2021
Raul Neto,73,2021
Shaquille Harrison,73,2021
Cheick Diallo,73,2021
Anfernee Simons,72,2021
Cristiano Felicio,72,2021
Darius Miller,72,2021
Dennis Smith,72,2021
Dewayne Dedmon,72,2021
Ed Davis,72,2021
Grayson Allen,72,2021
Isaac Bonga,72,2021
JaMychal Green,72,2021
Joakim Noah,72,2021
Jordan Poole,72,2021
Justin Jackson,72,2021
Kevin Knox,72,2021
Khem Birch,72,2021
Luka Samanic,72,2021
Mfiondu Kabengele,72,2021
Mike Scott,72,2021
Nassir Little,72,2021
Naz Reid,72,2021
Reggie Bullock,72,2021
Sekou Doumbouya,72,2021
Talen Horton-Tucker,72,2021
Tony Snell,72,2021
Tyler Zeller,72,2021
Wayne Ellington,72,2021
PJ Dozier,72,2021
Javonte Green,72,2021
Cody Martin,72,2021
Anzejs Pasecniks,72,2021
Allen Crabbe,72,2021
Andre Roberson,72,2021
Bruno Caboclo,72,2021
Chris Chiozza,72,2021
Damyean Dotson,72,2021
Gary Clark,72,2021
Gary Payton II,72,2021
Iman Shumpert,72,2021
Jared Dudley,72,2021
Jerian Grant,72,2021
Kadeem Allen,72,2021
Luc Mbah a Moute,72,2021
Michael Kidd-Gilchrist,72,2021
Moe Harkless,72,2021
Nenê,72,2021
Ryan Broekhoff,72,2021
Thabo Sefolosha,72,2021
Tim Frazier,72,2021
Tyler Johnson,72,2021
Tyson Chandler,72,2021
Wesley Iwundu,72,2021
John Konchar,72,2021
Antonio Blakeney,72,2021
Jonathon Simmons,72,2021
Abdel Nader,71,2021
Admiral Schofield,71,2021
Alen Smailagic,71,2021
Brandon Goodwin,71,2021
Dylan Windler,71,2021
Dzanan Musa,71,2021
Edmond Sumner,71,2021
Elie Okobo,71,2021
Grant Williams,71,2021
Jacob Evans,71,2021
Justin James,71,2021
Keita Bates-Diop,71,2021
KZ Okpala,71,2021
Nickeil Alexander-Walker,71,2021
Rodions Kurucs,71,2021
Rodney McGruder,71,2021
Semi Ojeleye,71,2021
Stanley Johnson,71,2021
Terance Mann,71,2021
Terrance Ferguson,71,2021
TJ Leaf,71,2021
Ty Jerome,71,2021
Norvel Pelle,71,2021
Jontay Porter,71,2021
Jaylen Nowell,71,2021
Ky Bowman,71,2021
Anthony Tolliver,71,2021
Chasson Randle,71,2021
Courtney Lee,71,2021
Frank Jackson,71,2021
Johnathan Motley,71,2021
Justin Anderson,71,2021
Kenrich Williams,71,2021
Marco Belinelli,71,2021
Sindarius Thornwell,71,2021
Solomon Hill,71,2021
Sterling Brown,71,2021
Treveon Graham,71,2021
Troy Daniels,71,2021
Yogi Ferrell,71,2021
Bol Bol,71,2021
Garrison Mathews,71,2021
Deyonta Davis,71,2021
Alfonzo McKinnie,70,2021
Carsen Edwards,70,2021
Deonte Burton,70,2021
DJ Wilson,70,2021
Dwayne Bacon,70,2021
Hamidou Diallo,70,2021
Ignas Brazdeikis,70,2021
Jarred Vanderbilt,70,2021
Melvin Frazier,70,2021
Romeo Langford,70,2021
Ryan Anderson,70,2021
Ryan Arcidiacono,70,2021
Thanasis Antetokounmpo,70,2021
Zhaire Smith,70,2021
Dean Wade,70,2021
Jalen McDaniels,70,2021
Juwan Morgan,70,2021
Vlatko Cancar,70,2021
Isaiah Roby,70,2021
Alize Johnson,70,2021
Brandon Knight,70,2021
Matthew Dellavedova,70,2021
Udonis Haslem,70,2021
Wenyen Gabriel,70,2021
Wilson Chandler,70,2021
Tacko Fall,70,2021
DaQuan Jeffries,70,2021
Donta Hall,70,2021
Johnathan Williams,70,2021
Jemerrio Jones,70,2021
Miles Plumlee,70,2021
Justin Patton,69,2021
Theo Pinson,69,2021
Marko Guduric,69,2021
Caleb Martin,69,2021
Rayjon Tucker,69,2021
Amile Jefferson,69,2021
Caleb Swanigan,69,2021
Cam Reynolds,69,2021
Dragan Bender,69,2021
Frank Mason,69,2021
Henry Ellenson,69,2021
Jeremy Pargo,69,2021
Kostas Antetokounmpo,69,2021
Malcolm Miller,69,2021
Raymond Spalding,69,2021
Sir'Dominic Pointer,69,2021
Derrick Walton,69,2021
Tremont Waters,69,2021
Kyle Guy,69,2021
Kenny Wooten,69,2021
Devontae Cacok,69,2021
Vic Law,69,2021
Kelan Martin,69,2021
Jaylen Hoard,69,2021
Jaylen Adams,69,2021
Jalen Lecque,68,2021
Khyri Thomas,68,2021
Miye Oni,68,2021
Dewan Hernandez,68,2021
Mychal Mulder,68,2021
Drew Eubanks,68,2021
Michael Frazier,68,2021
Naz Long,68,2021
Tyrone Wallace,68,2021
Yuta Watanabe,68,2021
Joe Chealey,68,2021
Dusty Hannahs,68,2021
Malik Newman,68,2021
JP Macura,68,2021
Zach Norvell,68,2021
Marques Bolden,68,2021
Eric Mika,68,2021
Josh Magette,68,2021
Shamorie Ponds,68,2021
Levi Randolph,68,2021
Daryl Macon,68,2021
Stanton Kidd,68,2021
Max Strus,68,2021
Adam Mokoka,68,2021
Matt Mooney,68,2021
Amir Coffey,68,2021
Kyle Alexander,68,2021
BJ Johnson,68,2021
Tyler Cook,68,2021
Brian Bowen,68,2021
Jordan Bone,68,2021
Louis King,68,2021
William Howard,68,2021
Quinndary Weatherspoon,68,2021
Tariq Owens,68,2021
Kevin Hervey,68,2021
Antonius Cleveland,67,2021
Robert Franks,67,2021
Justin Robinson,67,2021
Marial Shayok,67,2021
Gabe Vincent,67,2021
Justin Wright-Foreman,67,2021
Jarrell Brantley,67,2021
Jared Harper,67,2021
Josh Reaves,67,2021
Jeremiah Martin,67,2021
Josh Gray,67,2021
Zylan Cheatham,67,2021
Oshae Brissett,67,2021
Paul Watson,67,2021
Devon Hall,67,2021
Moses Brown,67,2021
Jarrod Uthoff,67,2021
Kobi Simmons,66,2021
